outcome,category,Level Change,sig_level,p_level,Slope Change,sig_slope,p_slope,rmse,n_obs,start_week,end_week
total_minutes,IT技术 (非官媒),323.109890109891,,0.2131920988904012,-10.364468864468193,,0.9464287738401493,91.17288094929447,15,2024-07-15,2025-09-22
average_minutes,IT技术 (非官媒),114.49633699633712,*,0.08592459871084786,5.310439560439683,,0.8897382179947938,22.633007344039697,15,2024-07-15,2025-09-22
time_share,IT技术 (非官媒),0.0007887301795847035,,0.21641928507761074,-1.9270260930877853e-05,,0.9594892670936646,0.00022424744658221512,15,2024-07-15,2025-09-22
total_minutes,互联网 (官媒),-410.3999999999999,**,0.034080774899841536,59.266666666666644,,0.31938652693287867,72.97320665072138,9,2024-03-18,2025-06-30
average_minutes,互联网 (官媒),-207.2333333333332,*,0.07663690135336476,-0.10833333333334494,,0.9976635256232116,47.90349872743344,9,2024-03-18,2025-06-30
time_share,互联网 (官媒),-0.0010909798166508717,**,0.0327990755687183,0.00014504943995860873,,0.35060893156492273,0.00019180199348820985,9,2024-03-18,2025-06-30
total_minutes,互联网 (非官媒),-1221.5434051202224,***,0.00441208252979917,19.968366683105042,,0.23192525649749854,951.6661979400336,88,2024-01-29,2025-09-29
average_minutes,互联网 (非官媒),-34.29680566920787,***,0.001389877471378703,-0.6367635940983846,,0.12599038272185567,23.644368182153794,88,2024-01-29,2025-09-29
time_share,互联网 (非官媒),-0.0033513221979369545,***,0.0024649683396550815,8.1321946920951e-05,*,0.05995230266394273,0.002447328385739297,88,2024-01-29,2025-09-29
total_minutes,体育 (官媒),1710.4374762151879,***,0.00013154557244759757,-29.255655386407266,*,0.08801336452238472,972.6711891635684,88,2024-01-29,2025-09-29
average_minutes,体育 (官媒),-42.739587034145885,***,2.9704396974377495e-06,-2.205101957207477,***,5.2637058871093056e-09,19.447381360853573,88,2024-01-29,2025-09-29
time_share,体育 (官媒),0.0037814362377552578,***,0.0018256641422890261,-4.1741671728929986e-05,,0.3735395792940843,0.002677544950483704,88,2024-01-29,2025-09-29
total_minutes,体育 (非官媒),-20277.52983480369,***,0.00011975425593660877,-516.3633459523145,**,0.011412906098023956,11455.74583565505,88,2024-01-29,2025-09-29
average_minutes,体育 (非官媒),-40.641619337215275,***,2.535998413353981e-12,-0.1254045133785227,,0.5264616681536318,11.314145591260976,88,2024-01-29,2025-09-29
time_share,体育 (非官媒),-0.055257906752637705,***,1.63814734227127e-05,-0.001157932487207564,**,0.018018052884788194,0.02754348234220253,88,2024-01-29,2025-09-29
total_minutes,健康 (官媒),-3.405318852687394,,0.9664935610698151,55.52909360961569,***,4.925190092758387e-10,129.15030539824315,46,2024-02-05,2025-09-22
average_minutes,健康 (官媒),4.9826603545901555,,0.8614381813278695,7.15448378383417,***,0.005286889195136492,45.47112661573539,46,2024-02-05,2025-09-22
time_share,健康 (官媒),-7.409867278892053e-05,,0.7517138548311103,0.00016702993256775128,***,1.684223211965953e-10,0.00037290462451599883,46,2024-02-05,2025-09-22
total_minutes,健康 (非官媒),168.4583732057415,**,0.016663361914360245,-1.5243166054671735,,0.7744379062992155,117.69502127031689,63,2024-02-26,2025-09-29
average_minutes,健康 (非官媒),7.2770376699323736,,0.5843456850426737,-0.6053526787370167,,0.5569110783341296,22.776206250815477,63,2024-02-26,2025-09-29
time_share,健康 (非官媒),0.00043173005380395154,**,0.015829338497705528,-2.433856346973059e-06,,0.8571134597095977,0.00029916812172386427,63,2024-02-26,2025-09-29
total_minutes,健康-医疗 (非官媒),-39.54761904761902,,0.4528520418534402,1.2172932330827129,,0.9340157202789078,41.79199073455614,25,2024-02-12,2025-09-29
average_minutes,健康-医疗 (非官媒),-40.42309523809523,,0.13033979793912767,-2.7877443609022547,,0.7030656702375899,20.752975481321247,25,2024-02-12,2025-09-29
time_share,健康-医疗 (非官媒),-0.00012367803246069885,,0.3649634720437335,1.70235652512675e-05,,0.6547475454961031,0.0001079559257184123,25,2024-02-12,2025-09-29
total_minutes,公益 (官媒),-254.4071876600101,***,5.0502626807291616e-05,-14.458620051148495,***,1.1310860710780928e-05,115.58132491243666,67,2024-01-29,2025-09-29
average_minutes,公益 (官媒),-33.201890681003526,,0.10486151597210604,-6.478096117723723,***,4.988501557773944e-08,39.89266908126776,67,2024-01-29,2025-09-29
time_share,公益 (官媒),-0.0006579696118417646,***,3.71594523322262e-05,-3.596086243043982e-05,***,1.5733285260853777e-05,0.00029305518017019475,67,2024-01-29,2025-09-29
total_minutes,公益 (非官媒),-40.11397622132803,,0.3171043329825853,0.5479414902426901,,0.7821935047708484,81.56694304294936,74,2024-02-05,2025-09-29
average_minutes,公益 (非官媒),-45.68612326241728,***,0.0007973037143779699,-1.1728381277833355,*,0.07380273187910559,26.695539912709982,74,2024-02-05,2025-09-29
time_share,公益 (非官媒),-0.00019162709688543846,,0.1490102427253926,7.549794477453035e-06,,0.25034350449732634,0.0002690850030810728,74,2024-02-05,2025-09-29
total_minutes,其他 (官媒),-41.93120732866617,,0.7315476057907672,8.25512056002069,,0.40757053599936344,199.40079451640196,48,2024-02-05,2025-09-22
average_minutes,其他 (官媒),-4.232824672518666,,0.875126003213503,1.4107177083376061,,0.5202997017624726,43.96576460765874,48,2024-02-05,2025-09-22
time_share,其他 (官媒),-0.00011957688708839521,,0.7124256559619687,2.449176924941476e-05,,0.3550040231317364,0.0005291946789997496,48,2024-02-05,2025-09-22
total_minutes,其他 (非官媒),986.0977642276423,**,0.019191422775189433,-39.09021610200914,**,0.01944042472537281,941.4569435370661,88,2024-01-29,2025-09-29
average_minutes,其他 (非官媒),13.304076215350577,,0.20504463121641342,-0.1748189323221825,,0.6737607613436026,23.746712608757978,88,2024-01-29,2025-09-29
time_share,其他 (非官媒),0.002335178460443875,**,0.020218105159763657,-6.947386693358616e-05,*,0.07987408781639777,0.0022488194966073937,88,2024-01-29,2025-09-29
total_minutes,军事 (官媒),-1085.0619147002867,***,2.144430829850112e-05,-59.254355660410646,***,1.1194273031531032e-07,528.768493272449,82,2024-01-29,2025-09-15
average_minutes,军事 (官媒),-48.057721469224994,***,0.0015827128226088964,0.21228314868348508,,0.7331393400658506,32.3573394756289,82,2024-01-29,2025-09-15
time_share,军事 (官媒),-0.003123834646090228,***,3.396413517071372e-05,-0.0001683897085409448,***,2.9441407820604603e-07,0.0015651259361911182,82,2024-01-29,2025-09-15
total_minutes,军事 (非官媒),-141.399686304034,,0.21844497025093687,2.601143421795576,,0.8198286413820306,156.05848269736342,37,2024-02-19,2025-09-29
average_minutes,军事 (非官媒),-46.230371572296974,,0.21034313175758487,1.7062358018103225,,0.6421278377933549,50.10787455830962,37,2024-02-19,2025-09-29
time_share,军事 (非官媒),-0.0003909865867125835,,0.1908422877072633,1.2205343445978596e-05,,0.6810147872056805,0.00040536417986486987,37,2024-02-19,2025-09-29
total_minutes,动漫 (非官媒),-341.17363777893127,**,0.027344720203475354,1.340599801663353,,0.8247485152874416,346.33420272151665,88,2024-01-29,2025-09-29
average_minutes,动漫 (非官媒),-3.548273372538957,,0.7033375282390653,0.3969634999553169,,0.2849538836847533,21.169033983051936,88,2024-01-29,2025-09-29
time_share,动漫 (非官媒),-0.000923643848329604,**,0.017393149812010216,5.694608742952879e-06,,0.7074505644064761,0.0008678451970591805,88,2024-01-29,2025-09-29
total_minutes,动漫-其他 (非官媒),-74.41666666666664,,,-40.749999999999936,,,6.665481691674458e-14,3,2024-02-26,2025-07-07
average_minutes,动漫-其他 (非官媒),-74.41666666666664,,,-40.749999999999936,,,6.665481691674458e-14,3,2024-02-26,2025-07-07
time_share,动漫-其他 (非官媒),-0.00021639608657465052,,,-0.00011583519040132197,,,2.1513969894844507e-19,3,2024-02-26,2025-07-07
total_minutes,动漫-动漫资讯 (非官媒),-122.4333333333331,,0.2829178208506771,-115.03333333333323,**,0.039456760673517124,56.55281591268749,9,2024-03-25,2025-05-12
average_minutes,动漫-动漫资讯 (非官媒),-7.583333333333378,,0.729179432295677,5.816666666666668,,0.5220126663884703,11.503609202826649,9,2024-03-25,2025-05-12
time_share,动漫-动漫资讯 (非官媒),-0.00041308367960170517,,0.26851890330803696,-0.00039133822451489504,**,0.03428368894013216,0.00018442606473888966,9,2024-03-25,2025-05-12
total_minutes,动漫-国产动漫 (非官媒),-19.809473684210452,,0.7752963536103488,14.70540540540543,***,0.0008208922717232239,128.3644831328102,63,2024-02-05,2025-09-15
average_minutes,动漫-国产动漫 (非官媒),41.13783558254619,*,0.05992075208037953,6.172251820646572,***,1.2569566490871605e-05,39.85036481854244,63,2024-02-05,2025-09-15
time_share,动漫-国产动漫 (非官媒),-8.871009165933256e-05,,0.6272797364908591,4.140520240302338e-05,***,0.0003743558032729987,0.00033771693829334255,63,2024-02-05,2025-09-15
total_minutes,动漫-日本动漫 (非官媒),-26.50885877407613,,0.5369747671866114,-7.200056465273857,**,0.04207902799014754,66.20864872120558,43,2024-02-26,2025-09-22
average_minutes,动漫-日本动漫 (非官媒),-38.171299956082535,*,0.09928860899950791,-3.896047430830039,**,0.03857570386208015,35.16963322942905,43,2024-02-26,2025-09-22
time_share,动漫-日本动漫 (非官媒),-5.979896165606869e-05,,0.6376088484917755,-2.1760638542562516e-05,**,0.03813344536371205,0.000195959611826168,43,2024-02-26,2025-09-22
total_minutes,历史 (官媒),146.66666666666575,,0.20510069080539395,120.13333333333408,*,0.09480747285465009,38.9642082405061,7,2024-04-01,2025-06-09
average_minutes,历史 (官媒),50.72222222222179,,0.26006131145106254,60.3083333333337,*,0.05736386601193802,15.69478753663476,7,2024-04-01,2025-06-09
time_share,历史 (官媒),0.00043758827284281674,,0.16484133082657457,0.00032323627548857896,*,0.0903373284325194,0.00010253821913112216,7,2024-04-01,2025-06-09
total_minutes,历史 (非官媒),-196.02440476190534,***,3.4903597416948113e-05,-17.39900793650825,***,0.003297344143284048,26.84573264863149,16,2024-07-22,2025-09-29
average_minutes,历史 (非官媒),-194.19434523809585,***,2.5537965901372817e-05,-18.775297619047933,***,0.001416951332626732,25.77385518045555,16,2024-07-22,2025-09-29
time_share,历史 (非官媒),-0.0005008567290867034,***,5.082759578626488e-05,-3.9964332036886205e-05,***,0.00835903230403379,7.127511602523622e-05,16,2024-07-22,2025-09-29
total_minutes,国学 (官媒),183.00000000000006,,,0.0,,,3.595093471822542e-13,3,2024-02-05,2025-05-05
average_minutes,国学 (官媒),72.99999999999997,,,0.0,,,1.797546735911271e-13,3,2024-02-05,2025-05-05
time_share,国学 (官媒),0.0005459537193811638,,,0.0,,,1.679638783183304e-18,3,2024-02-05,2025-05-05
total_minutes,地区 (非官媒),109.33333333333309,,,211.5000000000002,,,1.1479169203741087e-13,4,2024-07-01,2025-08-25
average_minutes,地区 (非官媒),109.33333333333309,,,128.16666666666688,,,1.0658141036401503e-13,4,2024-07-01,2025-08-25
time_share,地区 (非官媒),0.00027774704243627786,,,0.0006015976475393603,,,3.804375664218692e-19,4,2024-07-01,2025-08-25
total_minutes,家居 (非官媒),-49.35246235246248,,0.30884943879527527,-0.0696418396418903,,0.9943812247988028,48.17532755996542,33,2024-03-11,2025-09-29
average_minutes,家居 (非官媒),-9.561117894451314,,0.4815211613037004,6.326542667209296,**,0.029298655103228103,13.557943771977227,33,2024-03-11,2025-09-29
time_share,家居 (非官媒),-0.00019255316551875664,,0.2059999833326014,-1.0534174326796038e-06,,0.9727995552159023,0.00015049976055454145,33,2024-03-11,2025-09-29
total_minutes,情感 (官媒),-1189.8001427088748,***,5.8249724504021675e-05,-60.550493236034725,***,5.48597945929584e-07,640.5239085778599,88,2024-01-29,2025-09-29
average_minutes,情感 (官媒),-4.044467257517482,,0.6838549607380886,-0.3778855328958645,,0.3392787855004775,22.564215576970795,88,2024-01-29,2025-09-29
time_share,情感 (官媒),-0.0031260289580893803,***,0.00017007913845722361,-0.0001381690780964667,***,3.410601027507587e-05,0.0018105265403940462,88,2024-01-29,2025-09-29
total_minutes,情感 (非官媒),-551.0984302023876,,0.4293086662085568,88.3881713333781,***,0.0019013230566902115,1581.8850827423923,88,2024-01-29,2025-09-29
average_minutes,情感 (非官媒),9.7440445120702,,0.3425429063235139,-2.1835673203840313,***,6.48132861965911e-07,23.27142028986546,88,2024-01-29,2025-09-29
time_share,情感 (非官媒),-0.0013156851671037842,,0.41707039879929975,0.00030309224280898763,***,8.991242949714797e-06,0.00367782320405282,88,2024-01-29,2025-09-29
total_minutes,房产 (官媒),-11.666666666666664,,,0.0,,,1.644129973133917e-14,3,2024-03-11,2024-11-11
average_minutes,房产 (官媒),-11.666666666666664,,,0.0,,,1.644129973133917e-14,3,2024-03-11,2024-11-11
time_share,房产 (官媒),-1.4008016453547216e-05,,,0.0,,,6.111172972862882e-20,3,2024-03-11,2024-11-11
total_minutes,房产 (非官媒),-91.3333333333334,,,0.0,,,7.519677498818824e-14,3,2024-02-26,2025-05-05
average_minutes,房产 (非官媒),-91.3333333333334,,,0.0,,,7.519677498818824e-14,3,2024-02-26,2025-05-05
time_share,房产 (非官媒),-0.00022442476116498969,,,0.0,,,2.0760891004518698e-19,3,2024-02-26,2025-05-05
total_minutes,搞笑 (非官媒),-3338.126076803323,,0.2717205161473898,498.86989414885466,***,7.588729402684333e-05,6878.312666593427,88,2024-01-29,2025-09-29
average_minutes,搞笑 (非官媒),17.557525786336782,,0.10719424952261083,-2.5092721776633082,***,8.855803396527276e-08,24.580863887476443,88,2024-01-29,2025-09-29
time_share,搞笑 (非官媒),-0.007788065056101725,,0.301555146530781,0.0014378054016889754,***,6.046202049154875e-06,0.017080029853625674,88,2024-01-29,2025-09-29
total_minutes,摄影 (非官媒),23.027777777777768,,0.33396940717893964,-1.6547619047619064,,0.8691833957772108,10.676126532112558,11,2024-01-29,2025-08-25
average_minutes,摄影 (非官媒),24.166666666666654,,0.2887596096615072,-2.224206349206352,,0.8156796887369908,10.128285190231407,11,2024-01-29,2025-08-25
time_share,摄影 (非官媒),5.319597831576812e-05,,0.3498031047042007,5.4970803807268044e-05,**,0.04946009833600842,2.5543612322327865e-05,11,2024-01-29,2025-08-25
total_minutes,政务 (官媒),-6.388888888888896,,0.6568867673458694,-5.000000000000011,,0.684583228571482,2.616896663635794,5,2024-02-05,2025-03-31
average_minutes,政务 (官媒),-6.388888888888896,,0.6568867673458694,-5.000000000000011,,0.684583228571482,2.616896663635794,5,2024-02-05,2025-03-31
time_share,政务 (官媒),-1.9321208987703635e-05,,0.6130526777779617,-1.2847080340890064e-05,,0.6876904970468177,6.803076100525452e-06,5,2024-02-05,2025-03-31
total_minutes,政务 (非官媒),103.78113553113579,,0.37471998769526116,71.88919413919415,***,0.00010459716852454903,133.71545015647058,26,2024-02-12,2025-07-14
average_minutes,政务 (非官媒),32.544413919414,,0.35097832942110363,30.36675824175824,***,1.0177477606215338e-06,39.86905619297157,26,2024-02-12,2025-07-14
time_share,政务 (非官媒),0.0002909545955308448,,0.3641719415135489,0.0002033163395174789,***,7.270405905965418e-05,0.0003665547246987322,26,2024-02-12,2025-07-14
total_minutes,教育 (官媒),-93.64777094250773,,0.20710161583348977,15.846673501936646,**,0.014192069148505878,110.4762383563749,41,2024-02-05,2025-09-15
average_minutes,教育 (官媒),-6.453364471785449,,0.8874121038249485,11.714889496468441,***,0.004042642276801716,68.57262829421562,41,2024-02-05,2025-09-15
time_share,教育 (官媒),-0.00022040328860468072,,0.2585859216600858,4.779727982601508e-05,***,0.005517188364512899,0.0002909818685096819,41,2024-02-05,2025-09-15
total_minutes,教育 (非官媒),301.0021706198172,*,0.06121451290060048,20.0274429509724,**,0.012799266298745022,320.28837474378014,70,2024-02-19,2025-09-15
average_minutes,教育 (非官媒),19.55421946669712,,0.27924459043618094,4.598469432676847,***,2.2610213723185886e-06,36.32083828674543,70,2024-02-19,2025-09-15
time_share,教育 (非官媒),0.0006994855642350034,,0.11721498874643917,5.084462878636595e-05,**,0.022867252903869248,0.0008929849729404142,70,2024-02-19,2025-09-15
total_minutes,数码 (非官媒),-121.7560769942358,,0.5607587065703823,-9.836037522102204,,0.24929107003279147,469.4106691294325,86,2024-01-29,2025-09-29
average_minutes,数码 (非官媒),-3.202237832789846,,0.6541325278796087,-0.04712640122906178,,0.871131808086183,16.03628028152269,86,2024-01-29,2025-09-29
time_share,数码 (非官媒),-0.0006533392701227078,,0.24795010542594298,-2.4250604791684883e-05,,0.29131875839318694,0.0012643640892093756,86,2024-01-29,2025-09-29
total_minutes,旅游 (官媒),-105.39655870445338,,0.31152053754355175,-11.523799884326174,,0.33867502640156666,130.06471941535528,32,2024-02-19,2025-09-08
average_minutes,旅游 (官媒),-40.56396761133609,,0.48008351451370546,-17.867932652143182,**,0.011000536281514284,72.08406110786439,32,2024-02-19,2025-09-08
time_share,旅游 (官媒),-0.00028339828647907573,,0.27356024512389404,-2.6344854031714255e-05,,0.3774630125199182,0.00032274552860501847,32,2024-02-19,2025-09-08
total_minutes,旅游 (非官媒),339.4187145017054,***,0.0015227531054862093,9.511245792878459,*,0.05693466962475082,216.41440969828153,78,2024-02-12,2025-09-29
average_minutes,旅游 (非官媒),48.89983352018358,**,0.018945697269444662,3.861113831056432,***,0.0001644739572169154,42.7901507230522,78,2024-02-12,2025-09-29
time_share,旅游 (非官媒),0.0008437274747935875,***,0.0020579964420382175,2.7597686824488593e-05,**,0.03165930185904971,0.0005544913436214278,78,2024-02-12,2025-09-29
total_minutes,时事 (官媒),6295.149718906758,***,0.0019429165863739262,-482.2260752185631,***,2.312839446468234e-08,4485.47039331338,88,2024-01-29,2025-09-29
average_minutes,时事 (官媒),-5.923079801084758,,0.31832568256588417,-0.07185687676680069,,0.7599316115591502,13.451008369774835,88,2024-01-29,2025-09-29
time_share,时事 (官媒),0.009819177425408783,**,0.026446481827660673,-0.0011196398563424327,***,5.793833305071195e-09,0.009907458218078327,88,2024-01-29,2025-09-29
total_minutes,时事 (非官媒),-1360.0767860231804,***,0.00033353591051535515,-62.59188313397625,***,4.0324350085567654e-05,828.7005983785854,88,2024-01-29,2025-09-29
average_minutes,时事 (非官媒),-37.4817460375627,***,0.0008270936941326565,1.498498405030459,***,0.0007694959900072547,24.633055296757256,88,2024-01-29,2025-09-29
time_share,时事 (非官媒),-0.004060405313031026,***,2.1917037179835156e-05,-0.00016000700603407866,***,2.512120196264927e-05,0.0020583726910356408,88,2024-01-29,2025-09-29
total_minutes,时尚 (非官媒),176.51400709219845,,0.3438119689535084,-1.6732351158915773,,0.8208407322136759,422.6792969615598,88,2024-01-29,2025-09-29
average_minutes,时尚 (非官媒),-14.23979190229674,,0.13419843129153164,1.7343778598102075,***,1.2856091021578082e-05,21.465212656467084,88,2024-01-29,2025-09-29
time_share,时尚 (非官媒),0.000112378546329553,,0.8209998565084539,5.395756856883496e-06,,0.7845097829571384,0.0011287603875267836,88,2024-01-29,2025-09-29
total_minutes,明星 (官媒),-483.3575422804147,**,0.030701388068476016,28.985767136490843,***,0.0015786723337849922,497.54769177631465,87,2024-01-29,2025-09-29
average_minutes,明星 (官媒),-24.42461812680412,,0.20405249525017743,0.4430909697980183,,0.5664354709146726,43.1759714953031,87,2024-01-29,2025-09-29
time_share,明星 (官媒),-0.0017010344346146417,***,0.006843482438108461,8.916987102492233e-05,***,0.000533529272638329,0.0013878257442927423,87,2024-01-29,2025-09-29
total_minutes,明星 (非官媒),7795.678018508903,**,0.012818249307250689,467.63692974199904,***,0.00023763775680928586,6988.1665667846055,88,2024-01-29,2025-09-29
average_minutes,明星 (非官媒),-9.537088990313919,**,0.01780423336421504,2.4297838690316915,***,2.2947145028742794e-26,8.994670587629255,88,2024-01-29,2025-09-29
time_share,明星 (非官媒),0.019468959753103476,***,0.0004934660324524279,0.0019894503631430692,***,1.3111985413816442e-14,0.012242249713765516,88,2024-01-29,2025-09-29
total_minutes,明星-其他 (非官媒),-225.79677878871416,*,0.07320551917564355,6.927612236926779,,0.36723479234318523,226.8289788269396,58,2024-02-26,2025-09-22
average_minutes,明星-其他 (非官媒),-35.22554931627512,,0.22238758113906568,-0.939802979278779,,0.5953899825439333,52.37767847103733,58,2024-02-26,2025-09-22
time_share,明星-其他 (非官媒),-0.0007563055960624436,**,0.02901626453880134,2.881921462763602e-05,,0.1713153294557537,0.0006188796402816462,58,2024-02-26,2025-09-22
total_minutes,明星-内地 (官媒),3.880236983219703,,0.9931043246694415,-145.5164619910374,***,2.6066817305539642e-12,1020.4859614308292,88,2024-01-29,2025-09-29
average_minutes,明星-内地 (官媒),-23.708572399849267,*,0.059972286786271166,1.5611084991816047,***,0.0021908644933197213,28.346287918878563,88,2024-01-29,2025-09-29
time_share,明星-内地 (官媒),-0.0012098492412977696,,0.3280111528016695,-0.0004012396691206098,***,2.2641095245739413e-12,0.002803385181105552,88,2024-01-29,2025-09-29
total_minutes,明星-内地 (非官媒),3185.4278282304085,***,0.009508235245125852,175.94077866452554,***,0.00039697148204416075,2736.063264792759,88,2024-01-29,2025-09-29
average_minutes,明星-内地 (非官媒),-3.4459752119919287,,0.48167704086485585,2.512796124694404,***,9.188834477837096e-22,11.115503460456148,88,2024-01-29,2025-09-29
time_share,明星-内地 (非官媒),0.0088414824995499,***,0.002300200595808438,0.0007722220648354173,***,8.589623503621656e-10,0.006409930921215908,88,2024-01-29,2025-09-29
total_minutes,明星-日韩 (非官媒),1335.9082002135915,***,4.665930838162454e-05,9.955799062252709,,0.42628231117717985,705.0995607173846,87,2024-01-29,2025-09-29
average_minutes,明星-日韩 (非官媒),7.392867600217594,,0.41907362781692514,1.4823364860675579,***,0.00010886308202927766,20.651057757638714,87,2024-01-29,2025-09-29
time_share,明星-日韩 (非官媒),0.003581301574706655,***,1.6945254183524344e-05,6.628167073558902e-05,**,0.03783787354712642,0.0017784037542596545,87,2024-01-29,2025-09-29
total_minutes,明星-港台 (非官媒),-10.612649144227724,,0.9332192477876112,13.02162987162987,**,0.03088408645637989,263.4257723029987,74,2024-01-29,2025-09-29
average_minutes,明星-港台 (非官媒),9.065765482081366,,0.7461093119359263,4.43834558097716,***,0.001124678615635837,58.2188854870685,74,2024-01-29,2025-09-29
time_share,明星-港台 (非官媒),-8.23902828401244e-05,,0.8145841418907668,5.310408964398371e-05,***,0.0018335573682512394,0.0007306034374876075,74,2024-01-29,2025-09-29
total_minutes,星座 (非官媒),-13.453417314393173,,0.9485180298386029,6.993940409184267,,0.4333379776041506,455.1503171810271,81,2024-01-29,2025-09-22
average_minutes,星座 (非官媒),28.897021657204597,,0.19827484752859642,2.5189403448854595,***,0.0098819337819836,48.80268476525542,81,2024-01-29,2025-09-22
time_share,星座 (非官媒),-0.00010002253815057994,,0.8515662808626243,2.1022205913222565e-05,,0.35894216773233645,0.0011675410397998457,81,2024-01-29,2025-09-22
total_minutes,校园 (官媒),-112.0126984126984,*,0.08260791214472764,-59.72380952380954,**,0.010412628110792396,34.64043574148265,11,2024-02-26,2025-06-30
average_minutes,校园 (官媒),-42.853439153439126,*,0.09833116869077561,-24.21269841269843,**,0.010521473180705988,14.07481631419153,11,2024-02-26,2025-06-30
time_share,校园 (官媒),-0.00026894857793973305,,0.10878728427825676,-0.0001533646018198379,**,0.01195727440589285,9.164161964518207e-05,11,2024-02-26,2025-06-30
total_minutes,校园 (非官媒),26.92765518131375,,0.8738303630450401,24.081692145106757,***,0.0024163782700139407,359.08322085114406,77,2024-01-29,2025-09-29
average_minutes,校园 (非官媒),-56.20316282742057,***,0.0012872677388085624,0.6723769502474126,,0.37984808827603966,35.66616834315134,77,2024-01-29,2025-09-29
time_share,校园 (非官媒),0.00013393400796121664,,0.7571372401696702,7.28778103765596e-05,***,0.00038190154362176964,0.0009168961591231453,77,2024-01-29,2025-09-29
total_minutes,汽车 (官媒),70.97568901686506,,0.6082357313861927,-54.67048297419815,***,5.983478034041832e-12,284.5869162006712,73,2024-02-05,2025-09-29
average_minutes,汽车 (官媒),40.94383853619145,,0.17967527277346235,-1.684771162298783,,0.24793348396133452,62.36679639910805,73,2024-02-05,2025-09-29
time_share,汽车 (官媒),-0.00012167927085959246,,0.7567137599535009,-0.00015637738488488915,***,4.56441300689206e-12,0.0008077537646401589,73,2024-02-05,2025-09-29
total_minutes,汽车 (非官媒),455.796626881163,,0.15275802975830208,43.43393844259577,***,0.0008477698775518628,720.1258258178306,88,2024-01-29,2025-09-29
average_minutes,汽车 (非官媒),17.4679957295917,***,0.005714985064841048,0.6963913713995348,***,0.0055529670700328075,14.039325886834398,88,2024-01-29,2025-09-29
time_share,汽车 (非官媒),0.0006058640100621103,,0.4622169136039326,0.00014294633706373085,***,3.320603280081989e-05,0.0018700681474474285,88,2024-01-29,2025-09-29
total_minutes,法律 (非官媒),44.9603174603173,,0.5624535256988675,31.738095238095063,,0.3610032028589268,33.97339450793127,10,2024-06-17,2025-09-29
average_minutes,法律 (非官媒),-8.06481481481483,,0.8503044673394237,-28.591269841269877,,0.1615364604657412,18.955282086764896,10,2024-06-17,2025-09-29
time_share,法律 (非官媒),8.124745182740129e-05,,0.7004901131256037,7.52408948748732e-05,,0.42580472293210614,9.322430087302376e-05,10,2024-06-17,2025-09-29
total_minutes,游戏 (官媒),-3.9777777777777814,,0.9089908162041711,0.0,,,18.081180838902654,7,2024-02-26,2025-02-17
average_minutes,游戏 (官媒),11.18888888888889,,0.7514470705623699,0.0,,,18.245102056584326,7,2024-02-26,2025-02-17
time_share,游戏 (官媒),-1.887295439489877e-05,,0.8375726395522135,0.0,,,4.774123104664492e-05,7,2024-02-26,2025-02-17
total_minutes,游戏 (非官媒),-701.5005881335439,,0.49671026973376387,-59.01323450884895,,0.1520140607012534,2342.7040824000305,88,2024-01-29,2025-09-29
average_minutes,游戏 (非官媒),-15.573814318196426,***,0.0001273931779263767,0.14600784644274994,,0.34573522674184387,8.836431638346841,88,2024-01-29,2025-09-29
time_share,游戏 (非官媒),-0.0022375306524821427,,0.4634124492545756,-5.726656755160289e-05,,0.636327083666588,0.006924931867395601,88,2024-01-29,2025-09-29
total_minutes,生活记录 (非官媒),-127.06978021978031,***,6.0498895980055213e-05,-7.203113553113564,**,0.03085955436377792,32.74706764184244,29,2024-02-26,2025-08-25
average_minutes,生活记录 (非官媒),-76.97820512820519,**,0.010484746910827365,-3.4496336996337114,,0.30830165000022247,34.50398698033186,29,2024-02-26,2025-08-25
time_share,生活记录 (非官媒),-0.0003511584602610968,***,1.088013232377596e-05,-1.539209541416308e-05,*,0.054925586281601775,7.951146234108777e-05,29,2024-02-26,2025-08-25
total_minutes,电商 (非官媒),475.24246786804906,*,0.05606868699066299,77.97910500352366,***,0.001939790608020213,378.46161193325764,58,2024-01-29,2025-09-29
average_minutes,电商 (非官媒),34.739545871871414,,0.2764777750747586,12.784078521146636,***,0.00013322056526919886,49.13334363721845,58,2024-01-29,2025-09-29
time_share,电商 (非官媒),0.0012230652686501444,*,0.06428115617358181,0.00023007165845377028,***,0.0006625111220432768,0.0010068004618077055,58,2024-01-29,2025-09-29
total_minutes,电影 (官媒),-344.275082760377,,0.1897300855008105,11.53023936847396,,0.8576179475656209,319.4527859875268,41,2024-02-19,2025-06-09
average_minutes,电影 (官媒),-0.36376580935406544,,0.9876280328381487,4.1068904531508394,,0.48111716830757634,28.883990215931078,41,2024-02-19,2025-06-09
time_share,电影 (官媒),-0.0008556189020829955,,0.20757761894637008,3.4192025970141647e-05,,0.8371640179524915,0.0008268832730707505,41,2024-02-19,2025-06-09
total_minutes,电影 (非官媒),925.3136827538481,*,0.08829865575123051,79.95671878642906,***,0.00032287687783740855,1223.2449035481463,88,2024-01-29,2025-09-29
average_minutes,电影 (非官媒),-20.06634123257212,***,0.007028076957067811,1.9716216589057642,***,1.223185687188307e-09,16.554347538662004,88,2024-01-29,2025-09-29
time_share,电影 (非官媒),0.0027454523183698476,*,0.08002991814630125,0.00026102270200710926,***,5.697087062554646e-05,0.003532215615403985,88,2024-01-29,2025-09-29
total_minutes,电影-华语电影 (非官媒),669.9534849920648,**,0.010657347544954381,15.900324696487456,,0.1254489730534442,581.6393840847142,87,2024-01-29,2025-09-29
average_minutes,电影-华语电影 (非官媒),6.9858004399478455,,0.6190082932688941,1.2664563187243578,**,0.02652511857476767,31.748717768215304,87,2024-01-29,2025-09-29
time_share,电影-华语电影 (非官媒),0.0018403306850434298,**,0.01977250036227613,7.007625268690955e-05,**,0.02650811534382085,0.0017565337427162355,87,2024-01-29,2025-09-29
total_minutes,电影-日本电影 (非官媒),7.999999999999957,,0.9221300513242853,42.16666666666646,,0.5032754635560718,12.04989626511365,5,2024-08-05,2025-06-23
average_minutes,电影-日本电影 (非官媒),12.638888888888829,,0.7937279127780588,28.249999999999808,,0.45656980350612364,6.96824809270461,5,2024-08-05,2025-06-23
time_share,电影-日本电影 (非官媒),1.9642661373088564e-05,,0.9294161142809977,0.00011450374702483942,,0.5027720086274836,3.266982462185723e-05,5,2024-08-05,2025-06-23
total_minutes,电影-美国电影 (非官媒),8.61155671800828,,0.9199785651689307,-1.0533626368303897,,0.8140586518355158,168.26297705944125,67,2024-01-29,2025-09-29
average_minutes,电影-美国电影 (非官媒),-67.91431607963872,***,0.0008254047677116835,-2.210974429289527,**,0.032278776111086746,38.09874733301508,67,2024-01-29,2025-09-29
time_share,电影-美国电影 (非官媒),-0.00011071432647187956,,0.6227081526388599,-9.634415207647325e-07,,0.9346157491009724,0.00044129128595685077,67,2024-01-29,2025-09-29
total_minutes,电视剧 (官媒),240.87671957671913,**,0.04387853165324396,17.423923285789378,**,0.010529430396762332,221.85043740022917,63,2024-01-29,2025-09-22
average_minutes,电视剧 (官媒),4.4779440665154375,,0.8319252927721255,3.927401412672345,***,0.0015651399156712202,39.842473111979565,63,2024-01-29,2025-09-22
time_share,电视剧 (官媒),0.001149910932237519,**,0.04679927048524607,0.00010690722454334918,***,0.0014191518887982139,0.0010740417208505793,63,2024-01-29,2025-09-22
total_minutes,电视剧 (非官媒),3752.6519460301,***,0.00013320052222257715,280.8607721159802,***,4.874333976426391e-11,2135.8899117979954,88,2024-01-29,2025-09-29
average_minutes,电视剧 (非官媒),5.536215955114343,,0.2902474855234799,2.4203173017424673,***,2.396052877194215e-19,11.85869300122078,88,2024-01-29,2025-09-29
time_share,电视剧 (非官媒),0.011056018692519952,***,1.7619809233533016e-06,0.0009768365841799627,***,8.452238069556089e-19,0.0049036239966608955,88,2024-01-29,2025-09-29
total_minutes,电视剧-国产剧 (非官媒),1347.6757740875244,**,0.04726684311113559,-278.49960552935835,***,6.576935685205761e-17,1525.8922605460748,88,2024-01-29,2025-09-29
average_minutes,电视剧-国产剧 (非官媒),19.973275814943356,**,0.013148522447147419,2.498401571254137,***,6.724993930433345e-12,17.972206841887136,88,2024-01-29,2025-09-29
time_share,电视剧-国产剧 (非官媒),0.0020860803263144526,,0.1518037626371965,-0.0007112880946736481,***,1.0604769066707466e-20,0.003288099625829411,88,2024-01-29,2025-09-29
total_minutes,电视剧-韩剧 (非官媒),632.0507936507936,***,0.003122624990924724,-15.201221001221057,,0.5986859907240856,201.89955373703313,24,2024-02-05,2025-05-19
average_minutes,电视剧-韩剧 (非官媒),137.2666666666667,**,0.030703960585534245,2.8561034203891027,,0.7520942148674852,63.34603931253115,24,2024-02-05,2025-05-19
time_share,电视剧-韩剧 (非官媒),0.001713609760378573,***,0.004283431467286448,-4.5089725260787754e-05,,0.5809657854181662,0.00057080471554546,24,2024-02-05,2025-05-19
total_minutes,直播 (非官媒),173.67857142857144,,0.14556936248732372,-24.48809523809519,,0.7071035542882103,32.1479645168237,9,2024-07-01,2025-09-22
average_minutes,直播 (非官媒),173.67857142857144,,0.14556936248732372,-24.48809523809519,,0.7071035542882103,32.1479645168237,9,2024-07-01,2025-09-22
time_share,直播 (非官媒),0.0004215907276755172,,0.14480986483016345,-5.852031682204255e-05,,0.7107399690735383,7.785317621626227e-05,9,2024-07-01,2025-09-22
total_minutes,社会 (官媒),22828.93828489881,***,3.16167434059372e-06,-2046.036082836153,***,1.7694396289592784e-18,10420.11257891326,88,2024-01-29,2025-09-29
average_minutes,社会 (官媒),6.942517910902593,,0.12598331974157698,0.6287318362308192,***,0.0006923141029185107,10.240707160185787,88,2024-01-29,2025-09-29
time_share,社会 (官媒),0.03519315564536199,***,0.0025116489002689566,-0.004842452858786912,***,1.5406348353597212e-17,0.025751018434288547,88,2024-01-29,2025-09-29
total_minutes,社会 (非官媒),-3885.7776682235053,,0.15857138056394382,288.0420270515601,***,0.009500813950791739,6227.242240612373,88,2024-01-29,2025-09-29
average_minutes,社会 (非官媒),7.856581023370182,,0.10977421296393461,2.230146142887457,***,4.98183206642057e-19,11.081255270383798,88,2024-01-29,2025-09-29
time_share,社会 (非官媒),-0.008169596467400248,*,0.0968758145096209,0.0016156173075064899,***,1.1609267020232964e-12,0.01109285275402599,88,2024-01-29,2025-09-29
total_minutes,科技 (官媒),-363.9257703081229,*,0.09051973806054264,-48.03880288957701,***,0.004429221233605501,367.75563739635305,55,2024-01-29,2025-08-25
average_minutes,科技 (官媒),-44.785580206441495,,0.23116641189724457,-1.8470055188067331,,0.5163502681434369,64.43538271686738,55,2024-01-29,2025-08-25
time_share,科技 (官媒),-0.0006335603581673554,,0.32759384322239504,-0.00013256140770775239,***,0.009274561026571544,0.0011175132325910758,55,2024-01-29,2025-08-25
total_minutes,科技 (非官媒),-696.2739254304474,***,1.78807165328424e-06,6.012947362523206,,0.28138212456182493,302.8752005462026,85,2024-01-29,2025-09-29
average_minutes,科技 (非官媒),-34.833340155550324,**,0.013622876636235784,1.0448166521071567,*,0.06877814440903103,30.94333552140899,85,2024-01-29,2025-09-29
time_share,科技 (非官媒),-0.001958045783706328,***,1.916258367338536e-07,2.3098123978307616e-05,,0.10531099177347603,0.0007703036586565033,85,2024-01-29,2025-09-29
total_minutes,科普 (官媒),1381.9042812662165,***,0.002891412705660063,-0.1437299420570124,,0.9936079428532442,1026.5055468029923,88,2024-01-29,2025-09-29
average_minutes,科普 (官媒),30.235718480577248,**,0.021458349205126334,1.437057089203985,***,0.006268149560282174,29.411062863796467,88,2024-01-29,2025-09-29
time_share,科普 (官媒),0.003057314934106405,***,0.006672119134453026,1.929258812051043e-05,,0.6597037306548278,0.0025054592025323566,88,2024-01-29,2025-09-29
total_minutes,科普 (非官媒),-207.72138123314576,**,0.04132152226732943,8.091032909299205,*,0.09517897072963753,206.2817781548756,73,2024-01-29,2025-09-29
average_minutes,科普 (非官媒),-68.73855993135399,***,1.2444166516451062e-05,1.2228561726494163,*,0.08453430538208521,30.138649382463473,73,2024-01-29,2025-09-29
time_share,科普 (非官媒),-0.000565127366146439,**,0.034482543347653896,2.3393340231704102e-05,*,0.06637281771930095,0.0005409306946062725,73,2024-01-29,2025-09-29
total_minutes,综艺 (官媒),-2965.4909487977866,***,0.00015403371275284224,85.86506216552166,***,0.0049088055790476506,1705.349947452406,88,2024-01-29,2025-09-29
average_minutes,综艺 (官媒),-3.5449467436947253,,0.727248409731519,1.57391958476641,***,0.00018560764084591804,23.09303772268142,88,2024-01-29,2025-09-29
time_share,综艺 (官媒),-0.009292309473539222,***,0.00023440902862689432,0.00034098662000030093,***,0.000632023363586658,0.005510654826089747,88,2024-01-29,2025-09-29
total_minutes,综艺 (非官媒),1431.7337528109322,*,0.08719932355838605,107.6565551802269,***,0.0015329830145832575,1886.0570806070023,88,2024-01-29,2025-09-29
average_minutes,综艺 (非官媒),36.37692248643812,***,2.8670913381841833e-06,1.7326079267015189,***,4.467383520545581e-08,16.523040361164348,88,2024-01-29,2025-09-29
time_share,综艺 (非官媒),0.0031462466951133936,,0.12147035679954546,0.00042290259038339274,***,9.431919103030107e-07,0.0045847227809006665,88,2024-01-29,2025-09-29
total_minutes,综艺-内地综艺 (官媒),1098.3447366488983,***,9.722139327445702e-07,-7.852958872709242,,0.3861072703756343,450.34552370430004,82,2024-01-29,2025-09-22
average_minutes,综艺-内地综艺 (官媒),19.210572208451133,,0.3440751677940369,-0.027412516709657497,,0.9752402153464044,44.00516057484198,82,2024-01-29,2025-09-22
time_share,综艺-内地综艺 (官媒),0.002774882623744766,***,3.2847424357537326e-06,-2.092907206996992e-05,,0.38884224308703796,0.001207193728853602,82,2024-01-29,2025-09-22
total_minutes,综艺-内地综艺 (非官媒),-1410.4409574468098,**,0.027700511370811982,46.12785815280476,*,0.06863804301611888,1435.162291959514,88,2024-01-29,2025-09-29
average_minutes,综艺-内地综艺 (非官媒),-1.5688689264948779,,0.87473147950078,2.4170309667804117,***,2.715533851540261e-08,22.617651540830092,88,2024-01-29,2025-09-29
time_share,综艺-内地综艺 (非官媒),-0.003672860470981947,**,0.01772697718519242,0.00015798685159804034,**,0.010456505329803807,0.0034615397598836235,88,2024-01-29,2025-09-29
total_minutes,美图 (非官媒),53.99523809523807,,0.21494671224921688,8.739097744360889,*,0.05493699630367581,57.87879452950009,35,2024-01-29,2025-09-22
average_minutes,美图 (非官媒),22.646031746031717,,0.2830368661377113,3.138941102756887,,0.15053334069243857,28.130124270516802,35,2024-01-29,2025-09-22
time_share,美图 (非官媒),0.00016986989311862009,,0.14454173799168743,3.3936357446168674e-05,***,0.006616393911644491,0.00015400317901594177,35,2024-01-29,2025-09-22
total_minutes,美妆 (非官媒),582.8319801493535,***,6.552472668800236e-06,-21.75326272828527,***,0.00021983907976917805,251.573184199349,76,2024-01-29,2025-09-29
average_minutes,美妆 (非官媒),21.35371136239315,,0.29203197238690215,-3.0277292355261793,***,0.0018872446633032341,42.23802205095137,76,2024-01-29,2025-09-29
time_share,美妆 (非官媒),0.0015037920023738935,***,6.191617112741031e-06,-5.419126252694787e-05,***,0.0003324973245685205,0.000647114690485852,76,2024-01-29,2025-09-29
total_minutes,美食 (官媒),95.59941520467827,,0.5692678313590354,-25.710715514275943,,0.6560500707027876,114.23950840512411,22,2024-05-06,2025-09-08
average_minutes,美食 (官媒),90.65906432748532,,0.42162014348400934,-32.61381148950814,,0.40147843235132696,76.37318545689683,22,2024-05-06,2025-09-08
time_share,美食 (官媒),0.0002479189294546156,,0.5684014447985157,-6.74740418192183e-05,,0.6514928989413273,0.00029558897582925513,22,2024-05-06,2025-09-08
total_minutes,美食 (非官媒),451.47753548621426,***,0.0014589635133124075,1.9934414362453665,,0.7282867305231832,305.2209906915403,85,2024-01-29,2025-09-29
average_minutes,美食 (非官媒),60.09233637209911,***,0.0068873197734322785,0.9856473764622634,,0.27905980234305333,48.278069099526,85,2024-01-29,2025-09-29
time_share,美食 (非官媒),0.0011018010442835372,***,0.0023768554293497127,1.012551149983682e-05,,0.49169092763961775,0.0007824203152903457,85,2024-01-29,2025-09-29
total_minutes,职场 (官媒),91.23405797101461,*,0.059490440265184553,4.62671277997367,,0.32854598316482586,65.38179474023855,38,2024-02-19,2025-08-04
average_minutes,职场 (官媒),54.450000000000074,**,0.01805630262837341,5.006711133069846,**,0.028326706110799547,30.62201841950916,38,2024-02-19,2025-08-04
time_share,职场 (官媒),0.00021137004568927537,*,0.07157529294996547,1.1166333086504619e-05,,0.33156520565268766,0.00015879787519102332,38,2024-02-19,2025-08-04
total_minutes,职场 (非官媒),21.19444444444443,,0.7357095790257505,-65.27936507936508,**,0.01358811936880918,35.761095668391924,12,2024-03-18,2025-09-01
average_minutes,职场 (非官媒),24.777777777777757,,0.5356187030491402,-55.03531746031746,***,0.002968432983166755,22.57849830609595,12,2024-03-18,2025-09-01
time_share,职场 (非官媒),4.0139716511975745e-05,,0.8036545678982067,-0.0001608627614361522,**,0.016706312165117112,9.210820887905622e-05,12,2024-03-18,2025-09-01
total_minutes,育儿 (非官媒),55.279310344827785,,0.6711303734031109,6.225451559934408,,0.8669167409556555,109.14183857231602,34,2024-02-12,2025-09-29
average_minutes,育儿 (非官媒),-43.611973180076475,,0.23140066531104966,-9.89844006568138,,0.3396284802350007,30.22666255202498,34,2024-02-12,2025-09-29
time_share,育儿 (非官媒),0.00011672836961327424,,0.7111705754741999,2.646180816544305e-05,,0.7688171286086095,0.0002643657896450446,34,2024-02-12,2025-09-29
total_minutes,艺术 (非官媒),5.353030303030238,,0.9130447224249585,-33.84696969696973,**,0.027639932559876384,34.12328337093996,15,2024-05-27,2025-08-04
average_minutes,艺术 (非官媒),-62.90681818181834,,0.1680477471395704,-38.70681818181823,***,0.007593991242126491,30.36179352232433,15,2024-05-27,2025-08-04
time_share,艺术 (非官媒),2.6201701777916597e-05,,0.8388558317538285,-8.960814136429099e-05,**,0.026664610285035525,8.962674585534564e-05,15,2024-05-27,2025-08-04
total_minutes,艺术-戏剧 (官媒),-144.96666666666678,,0.3307179068314763,-92.96666666666664,,0.21988483302128828,47.0598571898615,7,2024-03-04,2025-09-01
average_minutes,艺术-戏剧 (官媒),-144.96666666666678,,0.3307179068314763,-92.96666666666664,,0.21988483302128828,47.0598571898615,7,2024-03-04,2025-09-01
time_share,艺术-戏剧 (官媒),-0.0003745857182046108,,0.3237066926339565,-0.00024046240979755043,,0.2134920159753637,0.00011951667405735865,7,2024-03-04,2025-09-01
total_minutes,艺术-戏剧 (非官媒),-57.72222222222223,,0.26910560114073484,-24.5000000000002,,0.38614336679628697,4.80778689365646,5,2024-06-03,2025-09-22
average_minutes,艺术-戏剧 (非官媒),-57.72222222222223,,0.26910560114073484,-24.5000000000002,,0.38614336679628697,4.80778689365646,5,2024-06-03,2025-09-22
time_share,艺术-戏剧 (非官媒),-0.00014430061700971094,,0.2728199015393583,-4.57609202618113e-05,,0.4813711457164435,1.2206986190961286e-05,5,2024-06-03,2025-09-22
total_minutes,萌宠 (非官媒),-131.32248900293263,*,0.08574740117456903,15.56476302397791,***,0.0003279063230186937,145.59892079629674,64,2024-01-29,2025-09-29
average_minutes,萌宠 (非官媒),-33.19056640231039,**,0.01849798317142304,2.0038612481894025,***,0.00921310930752342,26.549517361730356,64,2024-01-29,2025-09-29
time_share,萌宠 (非官媒),-0.0003193205662455627,*,0.0946832891624911,4.744680838377994e-05,***,1.909124178619051e-05,0.0003642532337122657,64,2024-01-29,2025-09-29
total_minutes,读书 (非官媒),-57.69200407435682,,0.45062324508410134,15.037927631867799,***,0.001082888977701976,142.17559486431753,61,2024-01-29,2025-09-22
average_minutes,读书 (非官媒),-38.49748889454765,,0.22508831407275867,3.4518247467917895,*,0.06084269067316436,58.76155907484404,61,2024-01-29,2025-09-22
time_share,读书 (非官媒),-0.00021836323387500233,,0.2855077445339783,4.2840133976204605e-05,***,0.0005210788673771738,0.0003791357764610268,61,2024-01-29,2025-09-22
total_minutes,财经 (官媒),24.59958917142245,,0.9475385679872949,-114.03852927398742,***,2.39511813391121e-11,849.7670767942958,88,2024-01-29,2025-09-29
average_minutes,财经 (官媒),7.981607062257675,,0.3294842874045997,0.17525565717045238,,0.5891571348805613,18.55120641005228,88,2024-01-29,2025-09-29
time_share,财经 (官媒),-0.0003898537307825806,,0.6779502669478641,-0.0002741095539390765,***,1.0620563221246144e-10,0.002132783223920286,88,2024-01-29,2025-09-29
total_minutes,财经 (非官媒),-1203.7115204981856,**,0.015016408442995462,-2.364550718191628,,0.9025728409212109,1105.1596362426333,88,2024-01-29,2025-09-29
average_minutes,财经 (非官媒),-10.3115482586536,,0.21146527925752587,0.5011791263094048,,0.12718705688850576,18.6694364521575,88,2024-01-29,2025-09-29
time_share,财经 (非官媒),-0.0029144162215531217,**,0.015858201946424778,6.963524819777759e-05,,0.14239180987228134,0.0026985737470891467,88,2024-01-29,2025-09-29
total_minutes,财经-产业公司 (非官媒),-87.29024945073155,,0.4193853391566955,-14.451672159349972,,0.12539961243604356,175.93064641235742,60,2024-06-17,2025-09-22
average_minutes,财经-产业公司 (非官媒),1.9553674817355162,,0.9498609331360255,2.3983509283440894,,0.37465069059941447,50.75572929798952,60,2024-06-17,2025-09-22
time_share,财经-产业公司 (非官媒),-0.00031351504400517884,,0.3087038743547844,-4.554728687114266e-05,*,0.09022686374890584,0.0005003725453994203,60,2024-06-17,2025-09-22
total_minutes,财经-其他 (非官媒),6.336507936507957,,0.9565495432247118,35.67489177489175,,0.25940076944894475,102.786340008159,17,2024-02-26,2025-02-17
average_minutes,财经-其他 (非官媒),-12.84834054834053,,0.74306007930544,4.164790764790757,,0.6889340177421988,34.56895446187406,17,2024-02-26,2025-02-17
time_share,财经-其他 (非官媒),4.3316329750183285e-05,,0.8911350316074947,8.077046319004825e-05,,0.34425847028526546,0.00027961980154492,17,2024-02-26,2025-02-17
total_minutes,财经-宏观经济 (官媒),124.57992202729022,,0.10916927486537344,2.5189198486410476,,0.9396367948245479,41.61807008736489,21,2024-07-22,2025-09-08
average_minutes,财经-宏观经济 (官媒),50.66520467836239,,0.3121302610166609,9.880890952872267,,0.6536132957117707,27.467966976397804,21,2024-07-22,2025-09-08
time_share,财经-宏观经济 (官媒),0.00029756148599224125,,0.12197979680580054,3.677066587767888e-06,,0.9644560504247882,0.00010324556887667289,21,2024-07-22,2025-09-08
total_minutes,运动健身 (官媒),-564.7969230769229,***,2.1410723547954817e-06,-115.0744988344988,***,3.0316518179624525e-09,116.53634098858076,35,2024-04-15,2025-09-29
average_minutes,运动健身 (官媒),-7.3162735042734255,,0.8826860006511121,-24.509667443667432,***,0.0016396814502055365,58.89495574100495,35,2024-04-15,2025-09-29
time_share,运动健身 (官媒),-0.0020015726031318514,***,6.10795093951643e-06,-0.00036208781289697313,***,1.2573640895817958e-07,0.00044080479729859806,35,2024-04-15,2025-09-29
total_minutes,运动健身 (非官媒),-52.24385964912279,,0.13699621806143236,3.543984962406017,,0.25433488426803397,50.75219420656874,39,2024-02-26,2025-09-29
average_minutes,运动健身 (非官媒),-49.71643274853801,***,0.006645019065389458,-1.9957839042049583,,0.20197746683406592,25.47231196786917,39,2024-02-26,2025-09-29
time_share,运动健身 (非官媒),-0.00014254091786219107,,0.1323489632314147,1.5338345627343587e-05,*,0.07113896966808408,0.00013677691482379673,39,2024-02-26,2025-09-29
total_minutes,音乐 (非官媒),-518.2509557170044,,0.24282093280443656,-0.4421539128503307,,0.9799063343574564,1004.4469198288697,88,2024-01-29,2025-09-29
average_minutes,音乐 (非官媒),6.941538720431426,,0.3325086119261028,0.34600525690540773,,0.22475087852620246,16.235630221154512,88,2024-01-29,2025-09-29
time_share,音乐 (非官媒),-0.0019906711393755014,*,0.06581590780061264,1.993060005487213e-05,,0.6397299753732484,0.0024346602380881273,88,2024-01-29,2025-09-29
total_minutes,音乐-其他 (非官媒),29.504662004662013,,0.5371898330162075,-13.727661227661219,,0.12301817749747652,37.269218407245255,13,2024-08-19,2025-09-15
average_minutes,音乐-其他 (非官媒),26.89015151515152,,0.5232519563975768,-14.114898989898983,*,0.07751216011062538,32.81174474346942,13,2024-08-19,2025-09-15
time_share,音乐-其他 (非官媒),4.728591033893924e-05,,0.725851551552277,-1.9179580297731167e-05,,0.4265623668863987,0.0001058231769802269,13,2024-08-19,2025-09-15
total_minutes,音乐-华语音乐 (非官媒),231.77570921985816,,0.15958639000645491,9.634830070878966,,0.14131081970755585,372.35376981273646,88,2024-01-29,2025-09-29
average_minutes,音乐-华语音乐 (非官媒),-2.9447215894698804,,0.7845984546149984,0.32835265907304595,,0.44365551517019064,24.482098458165673,88,2024-01-29,2025-09-29
time_share,音乐-华语音乐 (非官媒),0.0005295538179283318,,0.23890128004148836,5.206633229357458e-05,***,0.0042911130126162865,0.001017767108716494,88,2024-01-29,2025-09-29
total_minutes,音乐-日韩音乐 (非官媒),-548.487637435006,***,0.00854795689434334,18.122089874721503,*,0.05830879333468799,427.2741180712036,75,2024-01-29,2025-08-25
average_minutes,音乐-日韩音乐 (非官媒),-84.60799669494003,***,0.0001148278459103458,2.479001851893703,**,0.012060734506618145,43.656219782815796,75,2024-01-29,2025-08-25
time_share,音乐-日韩音乐 (非官媒),-0.001087157299212271,,0.11223720984226368,8.142262751315351e-05,**,0.011528296257086892,0.0014244496824323562,75,2024-01-29,2025-08-25
total_minutes,音乐-欧美音乐 (非官媒),-56.983333333333235,,0.4375043658285072,-185.51666666666665,*,0.06208094680243106,28.816544795798368,7,2024-02-12,2025-05-26
average_minutes,音乐-欧美音乐 (非官媒),-56.983333333333235,,0.4375043658285072,-185.51666666666665,*,0.06208094680243106,28.816544795798368,7,2024-02-12,2025-05-26
time_share,音乐-欧美音乐 (非官媒),-0.00015314737441004636,,0.46928574150435975,-0.0005340177940932813,*,0.06348821268334033,8.374261307422855e-05,7,2024-02-12,2025-05-26
