date,obs_count,category_count,total_heat,shannon_entropy_heat,hhi_heat,top5_share_heat,top10_share_heat
2024-02-01,341,35,129830107,2.121587117861856,0.25577442549036783,0.7485197096849039,0.8798792717624426
2024-02-02,354,38,153829747,2.211533419966793,0.22700523641232043,0.7302507882301854,0.8729627631773976
2024-02-03,341,34,121003017,2.33192291600195,0.18664329068059776,0.7349661950990858,0.8606243098880749
2024-02-04,311,33,127703156,2.158537330735054,0.23768430475336874,0.7469441945506813,0.87660691016908
2024-02-05,328,32,147639669,2.171171797717011,0.21692855066918887,0.7808433653424135,0.8818228114559102
2024-02-06,334,29,162171746,2.106294347238856,0.21615512407345266,0.7978472341291805,0.8975589742987659
2024-02-07,357,29,190982600,2.202375645951256,0.19618181453852912,0.7765043255249432,0.9031760223182634
2024-02-08,320,33,139487225,2.3085711881919306,0.18627805147319385,0.7205872007275218,0.8696256951129395
2024-02-09,313,33,278623543,2.104706669381668,0.1870708435133284,0.7951740567738025,0.9469501505836496
2024-02-10,242,29,255825385,2.364488574401317,0.125490389562657,0.6993109851080651,0.942129476322297
2024-02-11,266,27,104505447,2.302478137809225,0.1550651499476923,0.7140762815932455,0.9135780357936749
2024-02-12,245,28,108175848,2.279728349019124,0.16234559444819913,0.726510736481585,0.9140200407765697
2024-02-13,267,30,136790287,2.170944324977998,0.19153871950270024,0.7830836775713468,0.9054377888687374
2024-02-14,288,25,137504830,2.0527279502042792,0.22468169278414815,0.7899759593899356,0.8985219573741519
2024-02-15,277,30,111649726,2.2190507079858914,0.1879382214312802,0.7657742662082306,0.8827776970988715
2024-02-16,272,30,124628037,2.220418291412933,0.19238792411458638,0.7649219252326024,0.9020010802224222
2024-02-17,276,29,135714276,2.2561276980593177,0.18996753549113615,0.728542817411486,0.8928356439082356
2024-02-18,300,35,154259221,2.330032364961032,0.198077282653475,0.7349090528597962,0.8491336475762443
2024-02-19,306,31,186452038,2.0245844493017047,0.26201162130842176,0.7959669821361781,0.8890717086181702
2024-02-20,291,32,190015420,2.02015422267487,0.26063251920747915,0.8066016484346376,0.8932036989419068
2024-02-21,303,32,154646083,2.360206478530277,0.19201829115990363,0.7063656891975725,0.8262604944219635
2024-02-22,374,33,191455990,1.9778596861596904,0.2995238722628695,0.7778058184546747,0.8997066636567495
2024-02-23,321,36,159285614,2.2154602700815884,0.2447520810011701,0.7139750360632066,0.8515551630419054
2024-02-24,349,26,191968537,1.929544186583334,0.23552756607777686,0.8439591327405908,0.9348849598202648
2024-02-25,330,32,211630950,1.8309113260628769,0.30026133258819515,0.8418916420306198,0.9253937290363249
2024-02-26,304,34,149244819,2.239875822235566,0.22327968248423588,0.736552757653852,0.8679538952705621
2024-02-27,336,34,150979734,2.122528562728324,0.2711131465222234,0.7422633556898437,0.8622283968257619
2024-02-28,298,35,138806688,2.0386399765243746,0.30503837382632726,0.7540846086609313,0.8614956723122734
2024-02-29,339,38,145907473,2.1947463560477023,0.2606895852835934,0.7321507034804173,0.8382991527788298
2024-03-01,353,32,138051686,2.2437153493861453,0.2098919684725493,0.7300565166585506,0.8736321988852784
2024-03-02,332,36,131975734,2.303788244737998,0.19469588828467377,0.7305726975536275,0.8803482237120954
2024-03-03,338,31,123931146,2.1869362953256974,0.19834748846432879,0.7551416413110551,0.9093174689113259
2024-03-04,365,35,121485854,2.176628510425357,0.2408480882491936,0.7367228121884875,0.8852094993710133
2024-03-05,376,38,122806619,2.2533746582276803,0.23495422283271106,0.7362305121355064,0.8569016381763592
2024-03-06,329,33,112327618,2.3489507079932,0.21290078628994377,0.6696845739219717,0.8275803907815441
2024-03-07,359,34,115416759,2.3073778949522845,0.2087098304821562,0.7067606966853056,0.8479916421843036
2024-03-08,350,39,136604909,2.4515964447214755,0.17370603496994724,0.6926578165649961,0.8414215407149095
2024-03-09,357,40,115781393,2.5425984857234196,0.15597987172363476,0.6437035785188729,0.8281717425873429
2024-03-10,362,32,103331764,2.286595950527608,0.2077808538253615,0.6717027302466259,0.8751283874337035
2024-03-11,343,34,131329734,2.333797603080636,0.21303296442917974,0.651745597840014,0.8536331384026103
2024-03-12,359,41,176768539,2.36950593045891,0.1859021985476655,0.7223476118677431,0.8668044770116021
2024-03-13,364,32,175440718,2.0357500077388972,0.27605678525248317,0.7500398510680969,0.8992063632571317
2024-03-14,399,36,173485970,2.158139677511861,0.2664401799508985,0.7325172750280613,0.8622091573168711
2024-03-15,381,30,205277501,2.0115834995233355,0.22178320777282223,0.8350742977916512,0.9396299110246864
2024-03-16,323,26,153166273,2.3007989719197957,0.16783483091137896,0.6793905731453034,0.9097548648977049
2024-03-17,339,24,187362677,2.00363643510321,0.2561591879000008,0.7787963661514079,0.9172711702875593
2024-03-18,362,38,203119346,2.087149556363345,0.26272585319465935,0.7673517912961378,0.8915566467016885
2024-03-19,360,34,161907652,2.2479382551306184,0.20693771504540798,0.7426722302167658,0.875542491345622
2024-03-20,367,39,141329012,2.2355096272801207,0.23876701228339103,0.7223891652196648,0.8576264581825562
2024-03-21,415,40,162938758,2.3730490106026307,0.1717835990104396,0.732862742208947,0.8835448162677169
2024-03-22,353,34,136514994,2.418187679823122,0.17553804859814934,0.666879419853324,0.842809991992528
2024-03-23,362,34,181867562,2.136934549568412,0.23534331176069284,0.7558142226594535,0.8977298766450721
2024-03-24,346,34,141571993,2.5072586709210247,0.14695841293258594,0.6657841427717981,0.8389168894443692
2024-03-25,347,34,156606747,2.5252442625121825,0.15074839612836052,0.6468833108448387,0.830608837050935
2024-03-26,413,37,163880578,2.2917185224887624,0.2050320062701871,0.7247895659728512,0.8671207334892362
2024-03-27,384,41,134507314,2.317175788167917,0.2033973224523583,0.7286368011184879,0.8525354242074896
2024-03-28,401,35,157182032,2.3655790323945913,0.17965861616322593,0.6929077682365119,0.8747859424542876
2024-03-29,362,33,140798209,2.3853361605615104,0.180046150000727,0.6988456081852575,0.8521822035392509
2024-03-30,358,32,129569225,2.334666755945789,0.18456751338937102,0.7232520916907546,0.8537259908747622
2024-03-31,368,33,136495993,2.500565509421349,0.13229653258188467,0.6887718308331586,0.8685953293881674
2024-04-01,352,39,162607669,2.2787984585188954,0.23287648903927174,0.7373118484344057,0.8332268387661347
2024-04-02,368,39,139632411,2.5002962069314782,0.1647958880610568,0.6639948514532202,0.8245071411106696
2024-04-03,351,36,341635660,1.3650376729603657,0.5416971089138576,0.854318908043733,0.9179542908372036
2024-04-04,335,36,133780328,2.271681077899828,0.2122581773746216,0.7028252165744429,0.8721648895942309
2024-04-05,330,30,111469166,2.3394404532269606,0.16774166915846997,0.6809483799313616,0.9005686648808333
2024-04-06,337,31,128935701,2.526744455917579,0.13165274012693834,0.6389552649967754,0.868914591777804
2024-04-07,369,31,142533707,2.3736401959239917,0.17839111030157262,0.656811178004372,0.861981222448666
2024-04-08,345,36,163534265,2.1361400792637886,0.2364417550841324,0.7859236411402833,0.8866846039880387
2024-04-09,379,37,138554025,2.534724039868683,0.1418700805653378,0.6698150125916588,0.8338659306360822
2024-04-10,391,38,164169258,2.4918854219136395,0.14761527154547163,0.6967652128877868,0.8573236287636751
2024-04-11,364,37,143112135,2.421057454287124,0.18641409739505665,0.687450816103051,0.8327675846635927
2024-04-12,403,36,167621586,2.5085987503237974,0.1750754358372133,0.6435546254764587,0.8071471117091089
2024-04-13,356,35,132787743,2.4707657428280303,0.1661282590762414,0.6784090380992469,0.8240529775402539
2024-04-14,354,31,150071992,2.508963956007363,0.16134672771514433,0.6488686643141247,0.8063385071879369
2024-04-15,356,35,139314142,2.611859276547487,0.1550494102434809,0.5889967868445114,0.7725994321524086
2024-04-16,378,31,134370271,2.453152802907416,0.14169641398859548,0.6701999730282602,0.863522021176842
2024-04-17,388,33,142923518,2.521633075318068,0.14421010629962402,0.6567553283987874,0.8311657567790907
2024-04-18,390,35,148597239,2.537515700228372,0.1485919162407452,0.6500941178321624,0.8138288491349426
2024-04-19,399,39,135641792,2.6744651377744106,0.13716766667271005,0.6091146746277135,0.7950205346741512
2024-04-20,395,34,134893769,2.4104876636706867,0.14629700381802616,0.6905863161107169,0.8979431511028505
2024-04-21,366,28,149994723,2.320726365635399,0.15611733243978831,0.7356579337794438,0.8894403638453333
2024-04-22,367,33,146157244,2.300758581301587,0.22083890443561358,0.6854293037983119,0.8347872993554805
2024-04-23,414,37,185498910,2.339586396318092,0.20983032897150097,0.673126338046946,0.8458079295452464
2024-04-24,382,33,126165237,2.2176820122591594,0.23302899547481984,0.6900937855013105,0.869743200339726
2024-04-25,410,38,136102361,2.430222243209313,0.19539770632360176,0.664111249326527,0.8229318813947686
2024-04-26,383,39,120294637,2.497113823602702,0.16736370632540462,0.6479600748951094,0.83114469184524
2024-04-27,374,37,119331660,2.5908928592093656,0.1471688979236347,0.6277662524765012,0.8047911845020844
2024-04-28,352,37,141085797,2.485483929029666,0.18481716081019053,0.6246684987008295,0.8014135611396801
2024-04-29,348,34,125947965,2.3349309382811367,0.2116125836801198,0.6875079402831161,0.8313012520686619
2024-04-30,377,37,131015857,2.3468171303667575,0.21667710802951148,0.6703440637723722,0.8325299662009614
2024-05-01,355,35,124741175,2.1065827232476453,0.274589629232603,0.7421279781916438,0.8719658925771704
2024-05-02,319,33,112771926,2.058647979652885,0.2976885141034839,0.7172388276848265,0.8661484064748527
2024-05-03,336,34,147786309,1.9480980221211344,0.3310338332023926,0.7805583465786401,0.8765472720480487
2024-05-04,365,33,113704285,2.518463560145738,0.1539017919674702,0.6374764680152556,0.8345568770781154
2024-05-05,373,35,134437103,2.60448226092242,0.13598794510004755,0.6019573777932421,0.81415550140202
2024-05-06,382,29,136698232,2.3156979882111086,0.19898969333200303,0.6804998911763541,0.8586657653333806
2024-05-07,376,37,149270288,2.4647222048144415,0.17893394178646013,0.6762295052314765,0.8130842086939633
2024-05-08,360,36,134508920,2.504366416341995,0.16653584226940038,0.6603730369703363,0.8144994027161916
2024-05-09,380,38,127465964,2.5027721237056415,0.16964366493113336,0.6345875044729588,0.8267237126924329
2024-05-10,378,33,168354265,2.3590252101240243,0.1718875572029944,0.7169396569786931,0.8839418591504052
2024-05-11,380,36,176719104,2.3885086650885397,0.17042310137547254,0.7102957866966098,0.8681571631327419
2024-05-12,351,33,144235801,2.1376279709281807,0.20490947981181684,0.7754242512925067,0.9178333817413334
2024-05-13,412,38,162541908,2.404910573801239,0.17607884333977106,0.7097933906374472,0.8512526935514994
2024-05-14,356,37,156004041,2.4548048475643083,0.17613138874216555,0.6470147462398106,0.8352036150140496
2024-05-15,387,38,147729356,2.643264586647928,0.1403570987613049,0.5933020380864586,0.7984895838847358
2024-05-16,370,39,144233884,2.620740168409219,0.14646701331063244,0.6205794471984128,0.8046166530466585
2024-05-17,373,39,282339332,2.4371831989979227,0.15672947324632536,0.7215335162725397,0.8555712776142715
2024-05-18,348,34,144397912,2.4519341732286213,0.15318955291083344,0.7083279846872023,0.8564681600105132
2024-05-19,371,32,162605510,2.074139290083263,0.2642115809861875,0.7561975667368221,0.8906291551866845
2024-05-20,373,37,212420782,2.0700357769328654,0.2523115020583661,0.7961095021295986,0.8926462524744873
2024-05-21,367,36,147265701,2.145822555129952,0.2650294575580668,0.7252842398108709,0.8545507144260291
2024-05-22,382,29,153418460,2.2157000483524074,0.2189852568418317,0.7186370531942506,0.8790072003069254
2024-05-23,360,37,141098426,2.502138437453292,0.17742402813285862,0.6626301203388336,0.7959019613726944
2024-05-24,333,40,208912130,2.2966214309072592,0.2072582072672525,0.7469425399090038,0.8720204231319646
2024-05-25,364,33,139536903,2.3179933121642464,0.1944594637105437,0.7091711502296995,0.8677447069324736
2024-05-26,339,34,116372904,2.456885535098442,0.17608117402730977,0.6738858557658749,0.824467283208813
2024-05-27,375,33,144745968,2.217216566942424,0.23599924816439194,0.7136072833476094,0.8605632800769967
2024-05-28,380,34,138594028,2.23839640767324,0.24184217643386313,0.6850315585026506,0.846286738992823
2024-05-29,384,39,134589656,2.3581202210307426,0.20495903273717692,0.6807752298586749,0.8397243841681264
2024-05-30,379,34,152916528,2.187694956108767,0.2463732780176828,0.7392579433924893,0.854521088786426
2024-05-31,406,35,253606309,2.403136696833575,0.15903224977753647,0.7094135501179508,0.8680693310354516
2024-06-01,394,42,138477377,2.4665969421390614,0.1737366470975708,0.670647610547967,0.8456318969704344
2024-06-02,378,34,134103299,2.351822283183483,0.15242381751799353,0.7169884388899337,0.9088630996318741
2024-06-03,357,30,144571841,2.247881653490327,0.20408961497113837,0.7207411919171729,0.8856229409155826
2024-06-04,345,32,120720422,2.1637115041500237,0.25416598632188997,0.7103117068295206,0.863639476011772
2024-06-05,388,36,123221521,2.376108558980079,0.19717757000726438,0.6611552782244914,0.8613831507565956
2024-06-06,420,36,163208274,2.3189898356604814,0.21131144404000818,0.6768687719839498,0.8583501287440856
2024-06-07,417,36,203054610,2.2462536777283804,0.19784676010684032,0.7492810628628427,0.8863345136562031
2024-06-08,407,31,133259129,2.0545314467662763,0.2599027065900276,0.766285940530198,0.9067778538459454
2024-06-09,392,25,121348017,1.9739936070222488,0.2728346416106716,0.7749416869333762,0.9226078824180538
2024-06-10,393,29,128752465,2.3011822030584326,0.1760423618386373,0.7305996199762078,0.9025379203419523
2024-06-11,416,36,173843167,2.35561391276798,0.1706434330129072,0.7176060420022146,0.859626084699665
2024-06-12,381,30,134852610,2.249944752785476,0.20489439264217302,0.7139356220098373,0.8906885524870448
2024-06-13,419,35,153964277,2.393262705294187,0.1792217765301171,0.6853612542862784,0.8644603449149442
2024-06-14,401,35,173974093,2.2531340896847363,0.20686401095054321,0.7350719454533958,0.8706573742562923
2024-06-15,383,32,146145103,2.2908000749002837,0.1970658570586589,0.7268182773116935,0.8721387058723412
2024-06-16,406,34,137935382,2.2716239317902787,0.21699323794709383,0.7107202052044921,0.8543226711765658
2024-06-17,384,36,135760730,2.248568732598844,0.2326508456094796,0.6952115976394646,0.8697163089797765
2024-06-18,423,37,135791872,2.3586716247011923,0.1904110874779136,0.6991997135145174,0.8738846018707217
2024-06-19,416,39,149088037,2.3314782803203,0.21477264471293517,0.6929455916037045,0.8517864716402431
2024-06-20,425,35,141529350,2.18829808019625,0.22877728511794335,0.742214480600667,0.8889032769528016
2024-06-21,413,42,197451821,2.302460994162579,0.22013399988054977,0.6906017645691909,0.8560007152327047
2024-06-22,414,36,131957115,2.5428147156358354,0.1535930658694069,0.6401084700889376,0.8193456411956264
2024-06-23,399,35,133864988,2.3450744663839678,0.21543717564303153,0.6621196201055948,0.8260011049341746
2024-06-24,408,32,164953772,2.14930480796565,0.2385061994986707,0.7599087337026764,0.8823865331191092
2024-06-25,404,37,143626607,2.1675092784333905,0.2644485198436669,0.7272604232724095,0.8563196302478969
2024-06-26,417,36,131380866,2.3539137071133265,0.22372864717783042,0.6680799698793278,0.8263048136705081
2024-06-27,396,38,145727684,2.217908912849139,0.25332259556371073,0.7021447002478952,0.850293922189829
2024-06-28,424,35,245144745,2.3848762779287567,0.18567096663550953,0.7034032200037574,0.8516253122211532
2024-06-29,384,31,122316758,2.31031052819947,0.18113665227828044,0.7055455312182162,0.8806400182712494
2024-06-30,387,37,115098887,2.264394770101104,0.21980130872824843,0.7214617375057676,0.8796437188832243
2024-07-01,349,32,130679713,2.203732467901186,0.21117531824095181,0.7680787759305838,0.880053761673015
2024-07-02,388,33,127237439,2.340952348496951,0.20098026693710502,0.684467949720365,0.8399499773018851
2024-07-03,393,28,129775271,2.32415632043989,0.18587515967357487,0.6931010377161917,0.8519737169340992
2024-07-04,361,31,122574860,2.2177115635118336,0.22403753270743726,0.6915988971963746,0.8809857094676674
2024-07-05,437,38,179753869,2.3301880514614806,0.17753624732543197,0.7227133953928969,0.876151205401871
2024-07-06,378,29,130625250,2.212554396401957,0.21831573155375664,0.724547443928337,0.8812681927881477
2024-07-07,337,33,99785325,2.0675177509610045,0.2774358312693028,0.7581603407114221,0.8941800510245369
2024-07-08,382,30,133670096,2.083102734976718,0.258748076244637,0.7452577725387435,0.8944502366482927
2024-07-09,421,32,160297434,2.254398729483519,0.22784485554240794,0.7062464455918864,0.847523947264184
2024-07-10,397,31,126267174,2.2901954981354833,0.2057992858046638,0.6864228782058589,0.8619544458958114
2024-07-11,427,33,150124462,2.3619354575054725,0.1840486050752339,0.70641022513706,0.8571737162994796
2024-07-12,438,38,162053435,2.419904108892544,0.17345620426311237,0.6970642738921269,0.8574371410269704
2024-07-13,410,37,129652344,2.431924416278281,0.18876152430021068,0.6459437709818806,0.8224397624465625
2024-07-14,373,31,198448867,2.3025016974446837,0.20391331486615788,0.6845791263701192,0.835382955348392
2024-07-15,408,31,155313000,2.270402603212358,0.18219299869620345,0.7262077417859419,0.8839617997205643
2024-07-16,422,33,139842142,2.351765172844448,0.200579234306424,0.6624005301635039,0.8428332354920592
2024-07-17,413,34,146026816,2.5586478856665185,0.16187277282161994,0.5966208220276473,0.7851036141197518
2024-07-18,454,27,155173852,2.350223888973954,0.17481059003016447,0.6557871038736603,0.8767602997958703
2024-07-19,430,40,279681677,2.2955346580005123,0.1891952447287439,0.75314668182571,0.8791325360938821
2024-07-20,384,37,168987178,2.2361496188701064,0.23463036704180676,0.7204608091626927,0.8529521689509483
2024-07-21,414,33,152628085,2.0948664694077315,0.2496646609412299,0.7625171998980397,0.8907524326207722
2024-07-22,399,32,247809217,1.9354763085714635,0.3109404140906505,0.7888214262829457,0.8938197887934087
2024-07-23,415,27,191520279,2.0079415084323218,0.2797257286656911,0.7605190518754413,0.8916076036000344
2024-07-24,432,38,176224224,2.208768299489949,0.23576455797572135,0.748426141459417,0.8755148894853411
2024-07-25,454,34,196431070,2.2807796894807493,0.2055577809125713,0.725181245512739,0.8696526980176812
2024-07-26,432,32,243193096,2.1297633871815993,0.18496066311677686,0.7999427829151861,0.9391231484630632
2024-07-27,458,28,401428887,1.4324302889943517,0.4078322606703934,0.9047667688150206,0.9618778107515715
2024-07-28,411,21,401782415,1.225736867619017,0.4283130246624522,0.9408285676216068,0.9793707472239671
2024-07-29,466,32,494016571,1.416390603299834,0.408215418428283,0.9118919454222114,0.9661836323300176
2024-07-30,451,30,759970470,1.4027237897821232,0.39309237830348015,0.9238670589398033,0.9632208919907113
2024-07-31,382,26,829162900,1.5682386232354077,0.3523090668762667,0.897673668226111,0.966141573628053
2024-08-01,392,25,739955759,1.4382796058795928,0.388356457086701,0.899014436888787,0.965798862037102
2024-08-02,405,26,993573539,1.486216390625159,0.3947895024459037,0.8887526623230654,0.946686677009018
2024-08-03,428,28,632109630,1.4462272332156665,0.424212906323629,0.8881089440133985,0.9418183962804049
2024-08-04,437,24,926187943,1.370204256974945,0.4361656030484102,0.9186828174894521,0.9703545806145307
2024-08-05,446,29,685557021,1.7465446697182192,0.3132892525270356,0.8606947882166025,0.9338295085449937
2024-08-06,487,28,605547958,1.6083776854813092,0.3203189460695606,0.9077803760012019,0.9585271972793937
2024-08-07,468,33,420046543,1.8107384728217402,0.2731580371959626,0.861103739639633,0.9382900789639399
2024-08-08,447,30,444950001,1.7214760700326992,0.2937294976013726,0.8765683180659213,0.9418379954110843
2024-08-09,441,25,531868029,1.5109364584321094,0.346624138645491,0.9043226567017437,0.9619084116823273
2024-08-10,496,31,681709045,1.6311290922955957,0.3566431903791239,0.8692102126941855,0.9381008946419362
2024-08-11,446,25,508491537,1.6424615925849444,0.30520923344002737,0.8880022697408236,0.9502264341520398
2024-08-12,389,31,294823138,1.77379265033588,0.2843370155212135,0.8719989473824812,0.9356502371940699
2024-08-13,416,32,273334747,2.064850770265283,0.23902136056443368,0.798612925710466,0.9045814105734608
2024-08-14,365,30,201854620,2.018720179159688,0.2575231905617881,0.8102272169940921,0.908097050243388
2024-08-15,383,35,229221530,2.0214061718894794,0.3038603574072353,0.777210164333167,0.8703977021704722
2024-08-16,398,30,229230537,1.8620283689096373,0.28905938888562777,0.8311540447161279,0.9321956262746967
2024-08-17,366,34,177485576,2.0405975348559613,0.2675521837492677,0.779579288178325,0.8930846019847832
2024-08-18,345,33,188078852,1.9026207949880807,0.33314473192461236,0.7858807538872047,0.8829286452684219
2024-08-19,370,39,224284271,2.041267606669153,0.2876975508654579,0.7663150752109587,0.8935646717731713
2024-08-20,410,30,241330272,2.1240286652678284,0.22993775705493227,0.756420537246152,0.9103034533520933
2024-08-21,403,31,187533954,2.020215251007435,0.26943981206590023,0.7775802722103327,0.9188011947959035
2024-08-22,404,34,195752032,1.872349689001165,0.36166124267516864,0.783110205466475,0.8780716513839305
2024-08-23,402,35,189263167,1.8983880105928457,0.32997487978345424,0.7932504479331681,0.8937793110056116
2024-08-24,395,29,177335002,2.0494942395549813,0.26909072186932503,0.7686773872199241,0.8889707064147438
2024-08-25,415,27,246798164,1.8451505692344141,0.27604738713916804,0.8425672080769613,0.9410040384255046
2024-08-26,430,31,227598632,1.7425394355125188,0.3711867541639428,0.8175348215625479,0.9206072776395245
2024-08-27,391,28,263935894,1.7758260050794934,0.3319733222680603,0.8417422376056211,0.9332926577997003
2024-08-28,402,33,286523163,2.1993830398681355,0.20580454851079993,0.7667115066714518,0.8867614413428767
2024-08-29,413,37,282609451,1.9028710169698864,0.30120493500644974,0.8135528595609494,0.906762898739717
2024-08-30,381,31,205220202,2.089841376010177,0.24477903285669042,0.7778480307703821,0.9055224884731377
2024-08-31,412,29,180663520,2.027572737853634,0.24550782996618084,0.8033189600202632,0.9186144109225813
2024-09-01,382,28,152408276,2.020510170336309,0.2533849498120098,0.7976864589689342,0.9145620477985067
2024-09-02,417,35,201546339,2.1758551458704374,0.236817624441804,0.7533132268902192,0.8723214416710394
2024-09-03,392,33,224254073,1.5041450844616797,0.47628406852615357,0.8397544467341737,0.9213227088187602
2024-09-04,409,32,181627980,1.9861061447672461,0.28009651329611607,0.7852400054220721,0.9049604306561139
2024-09-05,422,32,200777109,1.863600133108795,0.2988419714321891,0.8325979282827507,0.9081307969226711
2024-09-06,409,35,163237487,2.1719393333139974,0.24620957639783442,0.7378326217433131,0.8744716892143777
2024-09-07,377,35,142573368,2.0235386564876032,0.27520431090132086,0.794889379340467,0.9047871619333563
2024-09-08,406,27,123824520,1.9628348093591668,0.2710128566965091,0.7826908919170452,0.9270631131863059
2024-09-09,400,34,140445878,1.965175704431515,0.3022579315339758,0.8004479633072606,0.8945855427668729
2024-09-10,412,32,201042442,2.3114819063733982,0.1735466930312485,0.72493684691713,0.8846055003649429
2024-09-11,387,28,165893926,1.815177495259727,0.31546896579723405,0.8547226255890767,0.9337335533309399
2024-09-12,419,36,162873939,1.867476976456096,0.3215469989219876,0.8387748392331813,0.9120913014819392
2024-09-13,421,38,281587256,1.798414717761622,0.3333404530343357,0.8429708516354164,0.9172441454523781
2024-09-14,424,32,224016996,2.1106108713893357,0.22285906308858386,0.7930351454226268,0.8934921259278022
2024-09-15,383,32,185585610,1.9077455332970086,0.2758944856199144,0.8523031284591516,0.9335134819989545
2024-09-16,355,31,164667340,1.7923222817567206,0.3651000000708354,0.7952806913623552,0.9109634369511284
2024-09-17,360,27,152969041,1.9223950396541631,0.281139916145433,0.7995744969075147,0.9128706441978675
2024-09-18,377,33,252070105,1.568535778187974,0.4315150825111248,0.8526684788741608,0.9372665433689568
2024-09-19,407,31,191438675,2.0016194744087588,0.2516224626554925,0.7887376623349488,0.9124451420278583
2024-09-20,453,35,213104153,2.086493534758201,0.27421087329830207,0.7435334683505676,0.8630230120386251
2024-09-21,422,32,229526236,2.221218749964142,0.20279756763500753,0.7556156935366639,0.8609662731540632
2024-09-22,404,31,201124112,1.9529035260845273,0.2492211419723891,0.8348692771357021,0.9302262276737857
2024-09-23,473,34,190304775,1.9825082326844348,0.30988459477300945,0.7621036886751791,0.8786487622289035
2024-09-24,416,34,171857507,1.9415191875189726,0.3344588932233364,0.7780477695396802,0.8726207171153716
2024-09-25,329,26,148284704,1.753889803952077,0.36362058589918267,0.7999301802564882,0.924059173358838
2024-09-26,384,36,163353320,1.9841019086209655,0.3399762653207687,0.7574340821478253,0.8581691697481262
2024-09-27,452,33,181873092,1.9280042564242574,0.32415357303535186,0.7835801460943987,0.8925832689972631
2024-09-28,417,33,126151808,2.0435423510882695,0.28009629995141594,0.7586565465633277,0.8846203456711457
2024-09-29,472,37,148733388,2.2648112580881268,0.2081816570467039,0.7464635243836442,0.8801670005661406
2024-09-30,464,37,149273451,2.197301749719646,0.22174884125299457,0.7480899131889166,0.8930835262862651
2024-10-01,434,28,170867907,1.7574648962600903,0.3166870151555524,0.8583930451023783,0.9340996785312059
2024-10-02,396,29,133426473,1.7148735332490141,0.32731654549475586,0.8649842224338794,0.9529084756665942
2024-10-03,418,24,125900616,1.8244671118408142,0.2884737327713962,0.8334757790223997,0.9379268485866662
2024-10-04,422,27,129867477,2.0496247498344826,0.23269105640854484,0.7828999095747428,0.893523341490649
2024-10-05,432,27,144579965,1.8432727041550983,0.27581715479174296,0.8350142566433738,0.939917311503015
2024-10-06,394,29,157964868,1.7362683005779425,0.3073768715585894,0.8541489871026259,0.9434522111587496
2024-10-07,370,27,113826123,1.7385880654544046,0.348598636744139,0.8518627310182567,0.9257458237420597
2024-10-08,423,37,251177377,2.023359000925051,0.2298626280676913,0.8450142665515613,0.9218489012248903
2024-10-09,407,28,172027105,1.8550554612807462,0.28425263644686577,0.8512991310293806,0.9345564235356982
2024-10-10,439,31,242867888,1.8064684454008268,0.278930103647117,0.8638221080919516,0.9280435254577583
2024-10-11,448,32,187985662,1.9966980694045096,0.274823615801005,0.7988039375045529,0.90334109630127
2024-10-12,478,30,208434073,1.8704844988956406,0.2885754114894851,0.8276545936901593,0.9146929158746516
2024-10-13,420,30,197551374,1.860407749970495,0.28482925810987897,0.8383006083268245,0.9218637021476753
2024-10-14,385,31,213522689,2.0536172656623033,0.2841304433422076,0.7683515684836658,0.8757810510713455
2024-10-15,428,36,206304111,2.012635656769954,0.2785587718507519,0.8042218121382952,0.8886204114468664
2024-10-16,399,29,164113118,1.908536668038375,0.3091123555597382,0.7895561767341475,0.9118102795414564
2024-10-17,388,32,176203280,2.0620874257222113,0.26503184163324145,0.7682113919786283,0.9020515395627142
2024-10-18,453,31,207626230,2.042139045255467,0.25428740562717805,0.7518608173928698,0.9298149660570342
2024-10-19,393,29,150584834,1.9410890902057663,0.26008848950673635,0.8270588657022392,0.938859188170304
2024-10-20,363,32,156463593,2.0689483998794316,0.23636081559748398,0.7844000425070131,0.9214937241023221
2024-10-21,388,31,166189604,1.8083218630862032,0.3628655682417653,0.7953336058253078,0.9126150875237659
2024-10-22,380,33,147559821,1.7242512872646727,0.40785349499291995,0.7991829767806509,0.8940542832455728
2024-10-23,370,27,154188228,1.7099066287636213,0.38793821535670225,0.8155889436643633,0.9239781068111115
2024-10-24,396,27,158238445,1.8498092280907459,0.3267703635572475,0.8042694807826252,0.9187723248923484
2024-10-25,397,31,196208288,1.812249731536675,0.35666975429149356,0.8010305813381339,0.9067721339070038
2024-10-26,373,26,149243402,2.1813453007118575,0.22408517422901164,0.7031866507572642,0.8920085123763125
2024-10-27,394,32,165519621,2.1624042317260725,0.21526552910410052,0.7668021968223333,0.8979003159993943
2024-10-28,397,32,171171417,1.9010869411203024,0.3270719257296198,0.7981209970353871,0.9031464873600947
2024-10-29,409,29,212950562,1.9578157977622266,0.32033359316740617,0.7437541442130592,0.8763527235960055
2024-10-30,420,33,187985025,1.9498324768677338,0.32330486261393143,0.7588015321965139,0.8844930546994367
2024-10-31,416,29,152202957,1.8677134965746403,0.32774238293706504,0.8100419165969291,0.9061903245414608
2024-11-01,286,26,57493810,1.9821551974011036,0.23727195106251311,0.8159391419702399,0.9145777432387938
2024-11-02,224,24,20861058,2.0870909780156732,0.23369825042954542,0.7900501019651065,0.9022435487212587
2024-11-03,213,25,23322374,2.1592911208591463,0.21639189829224464,0.7580173870807492,0.905288158058009
2024-11-04,331,27,112814365,1.7543828085442355,0.32332664550537155,0.8502007878163389,0.9519955636855288
2024-11-05,374,25,173702947,1.6136984249108457,0.3978923707930804,0.8249427915578197,0.9500670647804265
2024-11-06,425,25,400157740,1.3724817539773773,0.47327675329839625,0.89364460874854,0.9639958782254218
2024-11-07,251,22,111648757,2.119938035280923,0.19928926055019894,0.7694272852495797,0.9335866945657085
2024-11-08,449,31,194371715,2.0286406212683987,0.2745298087848343,0.7674125013508267,0.9020311057089763
2024-11-09,434,25,157516497,2.0145669229576875,0.25568912880225514,0.7585507948415079,0.9282820833680677
2024-11-10,305,25,134190156,1.938782322786582,0.2749604819131522,0.7890732238212764,0.9279667653117566
2024-11-11,435,29,160062830,1.8890307488439924,0.32306459577372926,0.7884596130157139,0.9187276583826488
2024-11-12,244,22,113691827,1.6943963549862735,0.3765108554576519,0.7994299713382211,0.9195476557870779
2024-11-13,478,29,186560154,1.9885041629779145,0.27030119716951273,0.7784305109439393,0.9103869736299638
2024-11-14,527,35,225646932,2.168888460711215,0.2112037012318991,0.7864082947070602,0.9012138441128904
2024-11-15,577,35,208589901,2.22029243141191,0.2195964270502187,0.7300840609728273,0.8719587387886052
2024-11-16,483,27,173255399,2.0960676663577886,0.2118623526133782,0.8060660435753578,0.921291185852165
2024-11-17,447,32,150914768,2.347492409228895,0.18857648398099672,0.7034673770296621,0.8576857103872033
2024-11-18,487,30,182238647,1.9023948920889595,0.3327419953811404,0.7697694441289394,0.900340952377681
2024-11-19,517,34,216032886,1.9886993549590348,0.24895902905421022,0.8209592635817494,0.9323848268175244
2024-11-20,529,31,202362520,2.132204110394066,0.22872926686597314,0.7579979583175779,0.9074503173809063
2024-11-21,541,33,244553726,2.0237789311561545,0.24241666602074366,0.8188882307194942,0.9118173362036611
2024-11-22,550,31,219333357,2.2371370369866956,0.21728805070673488,0.7233910298468647,0.8722577250299416
2024-11-23,500,28,196050977,2.251359905128606,0.19134201175842794,0.7367308962709225,0.8695623638743714
2024-11-24,496,31,202424548,1.882081452376021,0.25357049024939005,0.8560493512871769,0.9304685072089182
2024-11-25,504,30,172790736,2.005317959061233,0.2720057825760257,0.7942306409297313,0.898810113292185
2024-11-26,538,35,202416823,2.1433294362496236,0.26428047621543305,0.7447679188206604,0.8645382207189369
2024-11-27,502,35,171333565,2.11767079042033,0.2741167663765501,0.734270474089534,0.8627313451395237
2024-11-28,514,32,152740523,2.059527404399117,0.25480340870908413,0.7713480986312977,0.9123814313507359
2024-11-29,541,34,164153943,2.045361973419969,0.26448128371957325,0.7538835360171642,0.9157780328188643
2024-11-30,507,35,152153336,2.0710392701444857,0.25820950788604047,0.7726487705797,0.8924870566097874
2024-12-01,428,28,147143475,1.977978988892629,0.27727702314532193,0.7785887821393372,0.9007762117892079
2024-12-02,525,32,198416571,2.025102745430287,0.24586773074059975,0.7957191438410656,0.9040210759412831
2024-12-03,573,36,289944735,2.0053869074058484,0.272914792013506,0.7828178325086675,0.9122649493876825
2024-12-04,507,33,500960903,1.7737475229750692,0.32724836625266224,0.8587144913382592,0.9320366643462394
2024-12-05,498,33,195776267,1.848625799319071,0.31210507711972596,0.8244888998726285,0.9291092775816386
2024-12-06,493,38,184295785,2.127908689331262,0.2553202565571839,0.7506464513010973,0.8890114117368446
2024-12-07,460,30,182306288,2.0637550544655214,0.23909111008441147,0.7862052020937425,0.9217273844114471
2024-12-08,396,27,157573671,1.9130000566545347,0.2769129263416671,0.8309359816844021,0.9348432074036025
2024-12-10,371,33,177652329,2.032636059046279,0.27142597401637447,0.7697625455841899,0.9042512806009991
2024-12-11,369,29,147027550,1.740982380275818,0.36711437716320894,0.8140274526780866,0.9143661307013551
2024-12-12,466,35,236007316,2.094282278759862,0.25633654602310707,0.7742403671926849,0.8837738318247728
2024-12-13,445,35,212044473,1.9285002168884084,0.302441708320076,0.8085542319228476,0.9037135714449863
2024-12-14,499,36,222576389,2.3525325927299163,0.2143533714023034,0.6850745700614274,0.8390798675415657
2024-12-15,503,32,176103639,2.2390248523166627,0.2104087392627539,0.7363601668674208,0.8777989988043348
2024-12-16,488,39,167386976,2.4726456120529976,0.1781899165576639,0.6750382419239117,0.8077098244489463
2024-12-17,477,38,193726591,2.095739819576468,0.2827051019696738,0.7562617255779821,0.8652350363198203
2024-12-18,537,42,219273619,2.2198032718696568,0.2619665415718807,0.7185949897602594,0.8309437944744278
2024-12-19,517,43,187184065,2.3497704183584585,0.24642436305187682,0.6660210312239986,0.8090138068109591
2024-12-20,521,40,199881790,2.4018911576412614,0.21105029310703755,0.6522499723461551,0.8142173031370192
2024-12-21,490,41,198326934,2.505638403874338,0.19942602922852304,0.6380811846766107,0.7793914718613054
2024-12-22,433,35,162724676,2.074958254215709,0.28907866064960114,0.7429186277808291,0.8724014666343537
2024-12-23,499,34,184588938,2.1905460066704423,0.25849250487103254,0.7143546218354644,0.8348369553976197
2024-12-24,532,38,191277167,2.118117669248021,0.2779040949170983,0.741032498667235,0.8761278025411156
2024-12-25,507,40,184538324,2.2378984633620758,0.24179724106961303,0.7015040518087723,0.8545512259014556
2024-12-26,531,35,218947137,2.2250825149257443,0.2421055093483771,0.7225607384854729,0.8420355412092007
2024-12-27,563,38,288181422,2.2729435623606227,0.20102576333397623,0.758983141529505,0.8491139723781361
2024-12-28,495,35,206499768,2.2803909464884264,0.21630777792642136,0.7295043014285614,0.8487107888663585
2024-12-29,481,42,286503634,1.8624985118144668,0.36680045838263786,0.794708310750432,0.8901952426893127
2024-12-30,518,34,281548550,2.1037470348408225,0.25841982053316953,0.75465797639519,0.8793811191710986
2024-12-31,583,36,398958928,2.473888992035692,0.14916551922643903,0.6607841070798144,0.8604030513135927
2025-01-01,464,36,228686381,2.3982235693681764,0.14108560341950777,0.7037313953558082,0.9054944553082065
2025-01-02,475,36,207174819,2.216974570968549,0.2305312274133248,0.7542605020931621,0.8528124211852214
2025-01-03,493,42,185932846,2.2211647186877785,0.23842584609808834,0.755567900036339,0.8629032387316871
2025-01-04,445,26,300054048,2.088273554922703,0.22953066806310837,0.7677760807946173,0.882530889901542
2025-01-05,352,26,667525686,1.7798466640830237,0.27292189397236266,0.8757245679981218,0.9578596320861276
2025-01-06,451,39,185189088,2.0566392547508254,0.2844920332855589,0.7773858630374594,0.8731876091964986
2025-01-07,492,33,259148494,1.765945595890222,0.36374966895730865,0.8198890015544524,0.9093584699743615
2025-01-08,481,35,235492002,2.1192089381859844,0.26184591952117625,0.7480100959012612,0.8787449435331566
2025-01-09,457,31,201446468,2.232222887880675,0.21439923229247135,0.689740939017109,0.8780524958124359
2025-01-10,467,44,220574491,2.2681455515169495,0.23948963758388198,0.709203676684445,0.8244670232515691
2025-01-11,433,32,383639087,2.067559853400323,0.21733448191573693,0.8150087558726778,0.898688383647415
2025-01-12,422,29,187131324,2.0644736289450063,0.22305595013088642,0.8122145173300863,0.9151175086005376
2025-01-13,521,30,217808048,2.2415722433500482,0.216916514483506,0.7228563703027172,0.8611356913680253
2025-01-14,500,32,196927716,1.9842427177403503,0.2975893752924027,0.7703274789415625,0.8849681778668473
2025-01-15,438,41,183071124,2.523833228270843,0.1736786034201951,0.6515044721088837,0.8058350753338904
2025-01-16,479,34,167643717,2.17692824608633,0.23654549958767254,0.7112326195917025,0.8735560366989478
2025-01-17,444,35,145199554,2.422397603194769,0.18884375939394224,0.678837484583458,0.8263798454918119
2025-01-18,421,28,142453441,2.0330087779251813,0.23695311446873762,0.7902489557974244,0.9057546388086196
2025-01-19,409,28,139016651,2.2633143596124516,0.21589757437785997,0.6892730425508523,0.8487242797986839
2025-01-20,456,32,174799836,2.313832079491164,0.21250644723185402,0.6765749482739788,0.8448896599651271
2025-01-21,475,37,203276956,2.3780971838987557,0.2099007570098157,0.6701018978265298,0.8186114908174836
2025-01-22,499,37,158246766,2.554705627456948,0.16129816516670845,0.6242565993418153,0.8074855128477002
2025-01-23,486,33,200116812,2.40629466010769,0.16755081788484666,0.6889084911066843,0.8375562568925994
2025-01-24,511,34,175364142,2.3462626115696827,0.19792312247069377,0.6875567298130995,0.8459235469016237
2025-01-25,471,32,168445892,2.12230102170219,0.21819633800889954,0.7732503918825161,0.9067050979195148
2025-01-26,505,30,161849059,2.0610158557711453,0.2565444224450071,0.7747147729786925,0.893336432682009
2025-01-27,442,33,126774805,2.4260429038049565,0.1846345452107232,0.6537164068207401,0.8082753035983766
2025-01-28,382,32,512527787,2.1755871551062,0.21016179231926393,0.7594108999986766,0.9019211186690254
2025-01-29,353,30,323562227,2.3875983387592945,0.13641569153175154,0.7129830979930794,0.901205312819163
2025-01-30,370,28,127806194,2.0554310307187453,0.2567879853779217,0.7616479135588686,0.912425245993946
2025-01-31,363,29,110099606,2.0205043752434095,0.2819977492187415,0.7809568364849554,0.8833707452141109
2025-02-01,356,28,105587780,1.953513101985999,0.2980855847346337,0.7796659992283198,0.9114236136037712
2025-02-02,366,32,129335178,2.1078653363210593,0.25214391654317314,0.7683829607440599,0.884743569147135
2025-02-03,318,28,404440222,1.8418948764346244,0.2901577955356483,0.8322627812225857,0.9383861257004256
2025-02-04,346,23,148606167,1.8886175411221913,0.26674418781836434,0.8379851826741483,0.9400519158804492
2025-02-05,450,33,177864630,2.1706264166273335,0.21572150405582846,0.7573357670943346,0.9093353467746792
2025-02-06,446,33,198390636,2.2860211567573208,0.18459515829947049,0.733854051458356,0.899084682605685
2025-02-07,486,30,228529651,1.9527963483894897,0.2642689876724172,0.798222231565041,0.9283472629116297
2025-02-08,485,29,260301096,1.8321588986058783,0.26323242414770426,0.8740892239654648,0.9365051117571938
2025-02-09,480,32,202893722,1.9248611854431537,0.2597624184869507,0.8296345758790902,0.9176215959999
2025-02-10,444,33,187333106,2.1729099488440147,0.21228545131642668,0.7620199870064611,0.8881876063059564
2025-02-11,513,35,206229485,2.1716958371092043,0.2318868604159619,0.7396184304101813,0.8864463148904242
2025-02-12,523,32,220371365,2.2965734397733453,0.2010602693375493,0.6944812407909713,0.8621726783786088
2025-02-13,482,41,229928646,2.2056048826544963,0.22351785459691195,0.7506604114043276,0.8838978462909749
2025-02-14,502,35,236798973,2.2470469860261173,0.2226574184270198,0.7257560403355295,0.8581257402666186
2025-02-15,433,28,164736950,1.9209992587904556,0.3119251518750834,0.7767183318617954,0.889655514442874
2025-02-16,360,25,160979546,2.0450017310189366,0.2372492590082759,0.7797493229357226,0.9205075718128811
2025-02-17,426,33,177877926,2.012011648311798,0.2887986144083983,0.7711103849951568,0.8999297641912016
2025-02-18,457,37,306615522,2.1759544237191126,0.2037431851924512,0.7762587276974191,0.9062346100012509
2025-02-19,462,36,228860818,2.208467709016888,0.23506171384278843,0.7340625340245004,0.8724587622508628
2025-02-20,481,32,220739200,2.1684323903005875,0.25170412157140293,0.7293840831170902,0.8661525139168756
2025-02-21,469,38,212746239,2.256761609597772,0.23731168338670036,0.7248008600518667,0.8402755923689913
2025-02-22,474,28,165886193,2.1220461379055435,0.22002832562886726,0.7811636680335415,0.899642093781729
2025-02-23,426,29,200711914,1.882359108747675,0.2594683101030746,0.8434286965147471,0.9389600410068334
2025-02-24,466,36,208294669,2.031277188954459,0.2978342789554829,0.7884041285761374,0.8666707979933945
2025-02-25,444,34,190414887,2.14233345073928,0.25061918694891594,0.7550405341994085,0.8749401563334699
2025-02-26,479,35,187405545,2.0983710395486366,0.2769355912855321,0.7522800299212064,0.8660925908035432
2025-02-27,442,39,184822829,2.364548167332309,0.21665508986192356,0.6969583178493605,0.8145723058919307
2025-02-28,504,43,205258977,2.3955319539418984,0.21732593232578706,0.7003525745916584,0.8264923633522738
2025-03-01,413,37,242443623,2.521615300667936,0.15145307692489263,0.6650293128147157,0.8274419781294887
2025-03-02,390,32,145092523,2.0947396433569416,0.26325335962762986,0.7425054287601022,0.8706489444669728
2025-03-03,425,37,158060645,2.3479471532127474,0.23261456294461036,0.6750642957328181,0.7961089491947854
2025-03-04,392,32,161587156,2.2283569703689365,0.22233774056863148,0.7286038625495705,0.8710025071547148
2025-03-05,421,35,159063053,2.1221452939825607,0.26573282430263667,0.7458995521731876,0.8725146498979873
2025-03-06,409,38,124094629,2.105759121688799,0.29749444730710245,0.738681607243453,0.8471675595242725
2025-03-07,446,39,145706193,2.007335738934061,0.32710701335639925,0.7439369169435371,0.8471981420858343
2025-03-08,432,40,154419746,2.2322118810832308,0.25138662815174934,0.7300469138189102,0.8369434437484439
2025-03-09,376,28,121016550,1.9519947370908548,0.2898197473050484,0.7784148614383735,0.9091988409849725
2025-03-10,404,39,157537100,2.31044646257307,0.21715773057196672,0.7108324705735983,0.8467347056661574
2025-03-11,449,28,171929386,2.1666421707090695,0.1950279951110848,0.7620126846727645,0.9232790315437991
2025-03-12,462,33,189304539,2.090893929691107,0.23392622766252624,0.7839804253188034,0.9098651142221159
2025-03-13,508,33,221767478,2.1510215022818304,0.233377655798555,0.7252170762387441,0.8779636525424165
2025-03-14,513,34,208235138,2.1510750594040315,0.2260989926179537,0.7574982470057479,0.8957507930289843
2025-03-15,514,34,495170754,1.9749835430842198,0.2575041688197898,0.8277084514567272,0.9119664930776585
2025-03-16,461,28,322963961,1.9894646117560113,0.24440943870775514,0.8203333219584832,0.9245619978013584
2025-03-17,446,34,191955075,2.1003686268883803,0.25763068372381626,0.7698969980345661,0.8777263429997878
2025-03-18,451,33,191196905,2.1184820093113785,0.259240411353434,0.729465563263171,0.8813737910663355
2025-03-19,456,33,189749755,2.1788387073128335,0.24840768229091503,0.7200075699702484,0.8609183658761509
2025-03-20,502,41,167519260,2.437119212169128,0.1929386950644091,0.6969757984843056,0.8140009453241377
2025-03-21,485,39,166121040,2.2180973747797723,0.2453138318900955,0.7241864426083535,0.853709746820752
2025-03-22,453,31,145864606,2.2043563636172037,0.2185575714227782,0.7541269058787299,0.8677509607779698
2025-03-23,420,34,140023266,2.0101997918882106,0.27101094163714146,0.7993092876436692,0.8950166324502101
2025-03-24,445,33,156066605,2.040253097378208,0.2874555869900425,0.7622601837209183,0.8731344223192399
2025-03-25,505,32,198516302,2.0322606768811102,0.24707392512107682,0.79834918041139,0.8848234438701161
2025-03-26,458,38,181646461,2.028926171693525,0.31017823193498095,0.755172064706507,0.8668008841636612
2025-03-27,473,34,156296089,2.1049658057697,0.2689692504210184,0.7308373851888258,0.8515861263809358
2025-03-28,470,40,262844374,2.044733214201352,0.29671150973442195,0.7418537442235688,0.8705881945184797
2025-03-29,398,30,158048279,1.7848571219805383,0.33979514341737904,0.826504165856814,0.9246390148924052
2025-03-30,393,25,129763850,1.9664088596447893,0.2964651748882525,0.748949564921201,0.8955561737725877
2025-03-31,431,34,174980559,2.315303070631628,0.22059840691762858,0.7025347941653336,0.8222094375638611
2025-04-01,430,33,195763105,2.0948974247869034,0.2676556133220361,0.7336829991534921,0.8814668729329769
2025-04-02,450,33,224801486,1.9927253466335093,0.3035439605957388,0.7744617666806705,0.8647376023128246
2025-04-03,422,35,160621380,2.134092687137443,0.25388298597418,0.7522940657090607,0.8875051565364461
2025-04-04,356,29,135813094,1.9837461204159814,0.29510892980796755,0.7781647843174826,0.8969356592376874
2025-04-05,383,29,120746766,1.969314601508507,0.2816322394532467,0.7948474330153075,0.9106267906173158
2025-04-06,359,25,117544235,1.934430025105625,0.2773031585586632,0.8124277809115861,0.9228301668729224
2025-04-07,430,35,186627888,2.129083789197801,0.24401272258134754,0.7819086770140161,0.8899313965338341
2025-04-08,469,37,209236669,2.125101466814941,0.23486546165343716,0.8000842003463552,0.8927711518863838
2025-04-09,462,34,294907875,1.8266161262227796,0.34509658898421725,0.8234298456763829,0.9162863792633547
2025-04-10,451,34,283017422,2.206163592159744,0.2501291987451843,0.6851221300432875,0.8525136201685845
2025-04-11,396,37,261608430,2.134997256224536,0.2545790983975544,0.768116126838879,0.8712299408700247
2025-04-12,432,26,195741253,1.9892442992463395,0.2685542649863503,0.7903103542511808,0.909825492942972
2025-04-13,416,25,143693805,1.9653683589116775,0.27571260738294373,0.7821453819808029,0.9220701198635528
2025-04-14,451,35,178466006,2.1049252106856025,0.2705691333938768,0.7617719757789615,0.8776433703570417
2025-04-15,489,38,190122185,2.3551485622751813,0.2050281172178496,0.7101440371096093,0.8473896825875424
2025-04-16,493,34,201488738,2.1476022535998402,0.24495063641399203,0.7446006039305284,0.8843555514254103
2025-04-17,568,42,202648865,2.3966348567932267,0.19845606409593222,0.7075344734844679,0.8355851684636871
2025-04-18,521,36,205597278,2.3431031414743755,0.21297435218021413,0.7046808713099791,0.8300392722125436
2025-04-19,459,28,164794927,2.182944354416702,0.21673058806767004,0.7351498811610869,0.8907295671789703
2025-04-20,410,35,191809601,2.2292229895487865,0.17239920347806706,0.8152603372549637,0.9044943063095158
2025-04-21,458,36,197669060,2.4025199814979508,0.17880743535374524,0.7059344289895445,0.8353930706201568
2025-04-22,468,34,196997485,2.189272237135313,0.2533365113215325,0.7072593337930178,0.8668506605553872
2025-04-23,512,39,262733150,2.180337866898573,0.22452102129679316,0.7616381374029124,0.88794635926224
2025-04-24,492,46,187375413,2.3002971104999026,0.247504738028668,0.7128651025308214,0.8371668005342835
2025-04-25,489,42,185605348,2.4308478631769077,0.21051532914848395,0.6565594704738787,0.8103863634360362
2025-04-26,466,33,146061305,2.182664658826394,0.24835027144411861,0.7241995612732612,0.8501559807369924
2025-04-27,462,34,186076587,2.218610789063307,0.21152059148899924,0.7502014855850726,0.8752048853948509
2025-04-28,494,44,184876547,2.336192671759513,0.1995814801100865,0.7151185974930612,0.8542528328376882
2025-04-29,481,40,209981629,2.3564232205982787,0.22006263177225113,0.6819736216066788,0.8410280025020666
2025-04-30,446,38,213284001,1.9514610088016444,0.3407331535244155,0.7640525976442086,0.8746085038042773
2025-05-01,426,33,154576055,2.001238868850812,0.30604339211307063,0.7642272084120662,0.8739340708365212
2025-05-02,429,26,134056559,2.086796886410872,0.24369113291616143,0.766963949895208,0.901199903243824
2025-05-03,455,27,146597866,2.065470980074963,0.2531032480804409,0.7656613296130791,0.9049160169903154
2025-05-04,449,30,171292320,1.8625129106409206,0.28699580896414006,0.8553610985010885,0.9382199914158439
2025-05-05,430,31,163632135,2.0209876631025097,0.285729666515152,0.7680127622853542,0.8764538456947959
2025-05-06,420,30,170830936,2.0850541620226815,0.2595232252858224,0.7602986557423066,0.8743476240158281
2025-05-07,474,34,230186346,2.1303214683079115,0.25249411699192714,0.7593316156119877,0.8777840193874923
2025-05-08,503,38,213654181,2.3839980171185418,0.20912836421505376,0.7009112871046508,0.817311798826909
2025-05-09,486,36,197848915,2.236626632644893,0.22335628498989857,0.739129704097695,0.8646098564654752
2025-05-10,478,40,190999608,2.2814754459824993,0.22271168837181252,0.7378100063954057,0.8565589097962965
2025-05-11,439,35,147051778,2.213464116126638,0.22968615324667493,0.7291607449996285,0.8725063358295471
2025-05-12,456,32,200384339,1.955783250907712,0.26045096058613215,0.8286007321160962,0.9216216692463177
2025-05-13,514,37,203985754,2.2665298766222635,0.225509642015695,0.7211519192658915,0.8511067983698508
2025-05-14,462,39,152865258,2.29645194671409,0.23118463381141063,0.7094274750120136,0.8401871012444175
2025-05-15,512,35,242460705,2.2012124391139305,0.23474696367698814,0.7443712085222223,0.8466812220149241
2025-05-16,493,34,269396890,2.4107665424655207,0.18869510554234437,0.6688999824756701,0.8167765448220282
2025-05-17,454,33,187818616,2.375538641180741,0.17782546558812193,0.7142040222466552,0.8605817966415001
2025-05-18,434,35,143371502,2.370709378637205,0.16901654661667345,0.6943170128747065,0.8713946234587122
2025-05-19,508,36,314238171,2.357436017607084,0.16878141083180234,0.7313118717203836,0.8738288162961589
2025-05-20,568,35,255423274,2.287331165177542,0.2033158370545209,0.735101954726334,0.8565276788363461
2025-05-21,533,43,301854949,2.5052104905805375,0.15219967268372123,0.6938518076110787,0.8369512603220564
2025-05-22,542,39,290378702,2.2949391825697436,0.19952754553087176,0.7444402757885461,0.8577733879394502
2025-05-23,521,37,352938247,2.445882183482186,0.15967179071472387,0.6727429345451472,0.8458035634772109
2025-05-24,476,32,217070685,2.0951573805068833,0.21215399778544294,0.7898310911950179,0.9156323526596878
2025-05-25,420,30,261340663,1.8228478527471423,0.2654300030968629,0.8613823942124155,0.9410744014221776
2025-05-26,473,29,191991907,2.3035327657093174,0.19099242136073358,0.7220146888795683,0.8544868977211628
2025-05-27,492,38,212257388,2.242018148293692,0.24870534438802602,0.7127877310918384,0.8330273243539584
2025-05-28,472,37,186085663,2.35028657244112,0.2184869867663233,0.6913275097394257,0.8113414465465834
2025-05-29,499,38,203937240,2.515173023554811,0.18975887090436275,0.6465079305770737,0.7779634999473367
2025-05-30,503,39,222447521,2.526164866073788,0.15551966822850924,0.6568266858770704,0.8261599957322069
2025-05-31,466,34,146461215,2.3956074802196343,0.1779311085773421,0.67000132424137,0.8443933979381506
2025-06-01,416,35,164757757,2.157975761698661,0.24619344398721224,0.7339946731612764,0.8807289358764456
2025-06-02,404,31,122761614,2.1915819015727447,0.21892524776230227,0.7422652409897444,0.8913757601785849
2025-06-03,420,31,170036711,2.1128939076483753,0.2465256549539452,0.7498038997002241,0.8858494916430135
2025-06-04,394,26,149304882,1.7328544475392589,0.3523786830557141,0.8305464720169028,0.9406155854970635
2025-06-05,493,35,184398151,2.3234171266755697,0.2143403856158551,0.6964429974137866,0.8459671214382188
2025-06-06,519,35,268229251,2.288735317428205,0.21370312027323865,0.7072833902071329,0.8699640592144069
2025-06-07,441,32,237825102,2.25933866356564,0.22063081929355413,0.731439059784362,0.846675747457474
2025-06-08,397,30,149571317,2.2130009930087047,0.2142573439356691,0.7075127312009962,0.886939378891743
2025-06-09,485,40,188025533,2.2881944110962666,0.1982790268507463,0.7512631542440568,0.8719290640170662
2025-06-10,509,36,184695427,2.1215740015886584,0.27764105874780987,0.7545880061231834,0.8597293694770254
2025-06-11,527,36,220068625,2.0816803150404195,0.2828442357369276,0.7597066415078477,0.8766047590836721
2025-06-12,497,38,212456934,1.9285053477795988,0.3477463974126862,0.7570970594915956,0.8619534912426066
2025-06-13,486,35,312374706,1.981603134015361,0.32176375899247117,0.7435102411909114,0.8734444811290196
2025-06-14,472,42,206866742,2.22225043569046,0.2609647902602688,0.7309944389224249,0.8305479572932027
2025-06-15,473,39,169658539,2.394399292872732,0.20730046640467925,0.6744243094065545,0.8312877903540121
2025-06-16,499,37,173493132,2.319767511988752,0.21806929723671234,0.7218313979137801,0.8378015332618469
2025-06-17,439,31,158439885,2.07539095948873,0.2744129105975531,0.7400596447037311,0.8766357599918732
2025-06-18,461,34,177825703,2.1589187975259487,0.24694163667927277,0.7343232490974604,0.8692029914258234
2025-06-19,435,35,152328825,2.0649101691562066,0.2656351528563386,0.7723357939641431,0.903267756447278
2025-06-20,467,38,216019600,2.2969935299102833,0.2355287517096395,0.6767752926123369,0.8320883243927866
2025-06-21,461,33,155957120,2.1062867485099996,0.26202312199236666,0.7448947890291896,0.8848689562874718
2025-06-22,426,31,180736219,2.159090574285542,0.21996358542035818,0.7688994589402139,0.9064641824780012
2025-06-23,466,32,240825320,2.15172293642755,0.256334896580974,0.7226799158825989,0.8697474626006934
2025-06-24,483,35,224330599,1.9433008590809846,0.3368471792725484,0.7775808863239385,0.8715494447549709
2025-06-25,461,40,179467121,2.3214442207971375,0.23547098007229672,0.6887334254389694,0.8216868370000765
2025-06-26,482,36,202600503,2.3964944186375585,0.19823265329232514,0.6811957569522915,0.8316169333498644
2025-06-27,485,36,252348108,2.417920301390128,0.17857735804351862,0.6907782244993095,0.8401800183102621
2025-06-28,457,38,157512729,2.256103115541821,0.21893049928415145,0.7287379993270259,0.8510581135318911
2025-06-29,417,32,133789085,2.143818310044809,0.2236367319579317,0.7722612199642445,0.8980112540570854
2025-06-30,454,40,169802570,2.2462760087086613,0.2558306259160062,0.7213859130636244,0.8308853747031038
2025-07-01,437,34,149933735,1.842024961449812,0.3472725648570575,0.8089231085986086,0.9055017138071029
2025-07-02,450,36,139949167,2.080252973828231,0.27242908437566726,0.7730698461392058,0.8800266456748542
2025-07-03,422,36,149697116,1.9777966685875135,0.3089775277524159,0.7789345454056711,0.8936935498476805
2025-07-04,461,31,170235358,2.1410245335635323,0.23098972352517425,0.761233010124724,0.8875040695129858
2025-07-05,431,33,146831683,1.9896621361986269,0.277171839783887,0.8015404209457981,0.9125194730622272
2025-07-06,406,27,149297668,1.7452228493087378,0.32682182342272237,0.8564384944043465,0.935138678790348
2025-07-07,445,31,206939160,1.3100650813938446,0.5209884890322487,0.8906538375820219,0.9559672852639395
2025-07-08,466,35,197181316,1.8487679853886834,0.3584426716597573,0.80416790605049,0.8911441842694671
2025-07-09,418,31,187288659,1.9523447023307017,0.29078774063393453,0.7926615887617627,0.8923898750324225
2025-07-10,458,34,158806659,1.8422276137617226,0.3480074005401313,0.8001155102696291,0.9003706324430639
2025-07-11,504,34,191129753,2.359104338303206,0.18212098384090633,0.6884221788326175,0.8607525537899899
2025-07-12,437,30,143941919,2.0578550999932936,0.24945535237273808,0.7915081221058337,0.9027882072351697
2025-07-13,405,32,149776018,1.8829144084747351,0.3033191919218594,0.8208261285194537,0.9213940712457718
2025-07-14,431,32,142827521,1.967632176326105,0.2656461570496622,0.8147231512895894,0.9161360505584913
2025-07-15,386,37,134033794,1.9257042510093363,0.31624118853944,0.7919957559359991,0.8953688052730941
2025-07-16,416,40,151999955,1.9409468343317853,0.3652280553386249,0.7613590806655174,0.8439615722254655
2025-07-17,431,33,160674668,1.807425530965727,0.38842882001960705,0.7697832056513103,0.8725846503694037
2025-07-18,453,35,187052031,2.219363630598468,0.20930769076526773,0.7288720858636386,0.8969981031641405
2025-07-19,432,30,168323297,1.8585922637999541,0.32449500456849295,0.8173127751888083,0.9089571302776941
2025-07-20,427,31,161005226,1.8157605301943032,0.31368857772187253,0.8485519904801103,0.9289042704738044
2025-07-21,390,30,143998681,1.8759729773387,0.3200806184342775,0.803985544839817,0.8974905540975059
2025-07-22,390,39,124593403,1.934332293509718,0.3346746148252424,0.7734828464393094,0.8918963951887564
2025-07-23,411,34,148606768,1.705246726536798,0.3949474590019624,0.8123521601654107,0.8993157431430042
2025-07-24,412,32,215381287,1.8647106067488923,0.3358084625662527,0.7906446394296083,0.9020143983075002
2025-07-25,477,37,307308966,2.5462310551297427,0.15106439625639045,0.6288836362815394,0.8135790707779089
2025-07-26,410,34,144855047,2.2864714601028204,0.18299113982030743,0.7395304010360094,0.875231899928209
2025-07-27,387,30,157407885,1.9000893055042367,0.30794152870398395,0.8105861088216769,0.9091682414765945
2025-07-28,431,34,171909983,2.014507600207405,0.28211736604907234,0.7824010720773558,0.8872584496736293
2025-07-29,442,29,170617385,2.130589310521197,0.26639617669938276,0.7168819109494616,0.8509862637972093
2025-07-30,466,42,194946154,2.1511078699362303,0.2737853784419348,0.7370147758852426,0.8419032313917821
2025-07-31,274,28,112049510,2.0102934287618917,0.25972878702512914,0.8007539345776702,0.8918458188706047
2025-08-01,34,11,9500388,1.3087272310914582,0.38624766331894456,0.9153311422649263,0.9877875514136897
2025-08-02,271,32,114456452,2.2696755494041874,0.22752187317807024,0.7051029154739132,0.8529368270126002
2025-08-03,402,32,188480292,2.1266604501227846,0.21409505187413555,0.7804929811972064,0.9088119250154812
2025-08-04,379,37,130203208,1.9566207767568669,0.2898873329381928,0.8180331009970201,0.895044874777586
2025-08-05,412,33,162977418,1.9430787180243978,0.2968188549023834,0.7992624720560979,0.8828037268328794
2025-08-06,431,33,179234899,2.009886079306817,0.2799437459332593,0.7704842515072916,0.8838453442038651
2025-08-07,480,33,167777882,2.2230699646167076,0.22992983239492085,0.7186557522522546,0.8436559116892416
2025-08-08,465,32,192096734,2.4103693224282163,0.18157264898010766,0.6819492152323631,0.8321261620200164
2025-08-09,422,29,151094689,2.273595081052543,0.17570262200194167,0.7281730398875901,0.9077353936643002
2025-08-10,390,32,112112875,2.1472421134062594,0.22574541040977453,0.7863284123255246,0.8841212037422108
2025-08-11,406,33,183503744,2.0046342641621315,0.2473203468055085,0.8123423356419366,0.8952577065675565
2025-08-12,432,30,184446719,1.8307963970156755,0.32932814760100343,0.8226099700911461,0.9156984624920328
2025-08-13,432,30,172496471,1.857407784007586,0.30957999987671647,0.8189329160246994,0.9013290480591918
2025-08-14,430,33,156240977,2.1155090207739584,0.23846328164775835,0.7592408296320369,0.872076913599945
2025-08-15,443,35,175125002,2.1376815033259673,0.2757944693916993,0.7173785157187322,0.8554573892310363
2025-08-16,452,33,164390868,2.3923407779541317,0.17796052471216686,0.7117440367794639,0.8432209324425493
2025-08-17,444,36,131156872,2.1405454699263142,0.23784022731224155,0.7693669531856477,0.8795035688255816
2025-08-18,471,35,172450452,2.4472820888240814,0.1647197215014808,0.6881602954569235,0.8273135752639256
2025-08-19,447,34,201637839,2.5042517307996888,0.17339481413507496,0.6535982812233967,0.7881174177828796
2025-08-20,447,37,148272874,2.305686899214038,0.21620518196757185,0.7230477639490551,0.8423198298564039
2025-08-21,438,35,141856486,2.1811818353050607,0.25292824404194497,0.7333081900816294,0.8641549742039993
2025-08-22,469,35,349002357,2.4769347953194725,0.1680180589766615,0.6474048626554119,0.8169785369099958
2025-08-23,416,33,150569330,2.239840459553,0.19021431491117113,0.7711869276432325,0.887622246841372
2025-08-24,414,25,124525089,2.06644068023465,0.23169258858196234,0.7827390992669757,0.9042919776592169
2025-08-25,460,31,163663111,2.2199122426356084,0.19686301814585863,0.7624869540699369,0.8764986081683368
2025-08-26,434,37,140396506,2.268372146677934,0.20378841189552618,0.7384605639687357,0.8663439387871945
2025-08-27,431,35,145348941,2.2582082584681036,0.22941460789824525,0.7146084401124051,0.853303244913219
2025-08-28,476,35,162592270,2.276960816511148,0.22477190399133587,0.7159404441551865,0.849041544225934
2025-08-29,484,35,131736505,2.3872907761945137,0.198376709964807,0.6636194424620571,0.8241136046534709
2025-08-30,400,30,114638115,2.5445740646374886,0.1442751422851385,0.630708294531884,0.8232714485928175
2025-08-31,398,34,110325949,2.3256752339924285,0.18010371466651157,0.7371308358290215,0.85486543152237
2025-09-01,386,35,116727257,2.1226237765780716,0.23804892236253375,0.776738726928193,0.8847171230966218
2025-09-02,346,25,110220220,1.7483797454405963,0.3561734700623438,0.8233088084926705,0.9297254169879176
2025-09-03,315,21,437386967,0.6726982076212675,0.7505555316025758,0.9641679355297297,0.9912365358613897
2025-09-04,327,28,133208850,1.6821968689600264,0.3697373895353377,0.8255708310671552,0.9158268088043701
2025-09-05,458,35,136195048,2.174038963036531,0.2303819634505945,0.7618489256672533,0.8850451376176319
2025-09-06,409,33,130837873,1.8469671686180373,0.33091077357383025,0.8109842782295918,0.9215318182373693
2025-09-07,363,29,115001433,2.011997957423415,0.25240800101193434,0.7996424618465408,0.9173826381798217
2025-09-08,425,29,167843920,2.1436977429046644,0.21071350042380402,0.7734383944321606,0.8884951090274823
2025-09-09,422,32,179648930,2.180915041089527,0.2304430346159589,0.7567653033057309,0.8780644449148682
2025-09-10,479,39,183056928,2.605192399512999,0.14941656859844507,0.6256143280193145,0.7935579417130829
2025-09-11,426,36,505438747,2.4981350647333427,0.13553010042800323,0.6902684035816511,0.8435935106494715
2025-09-12,453,34,263851301,2.264207716771209,0.23772355319972813,0.6949131965811303,0.8316955655261293
2025-09-13,385,35,132500305,2.240882085225423,0.22257020506093148,0.7468482431040443,0.8703499210813138
2025-09-14,372,30,132043308,2.200336398362869,0.20880356981309064,0.7428253539361495,0.8807382574814014
2025-09-15,402,38,194993296,2.3635930994812884,0.19090737926410845,0.7047966100331983,0.8472006596575505
2025-09-16,413,32,200864374,2.1316801010949415,0.2189006742857278,0.7640842322790402,0.869158883297045
2025-09-17,398,34,140383976,1.9578035537314324,0.34067338403866493,0.75026678970825,0.8501043452423658
2025-09-18,375,29,126772318,1.730678660911617,0.39639975733834804,0.8012135346456314,0.894032828207811
2025-09-19,409,33,150847591,2.3258480359195564,0.22403215966426576,0.6724192963744446,0.8110749345675663
2025-09-20,399,34,190826527,2.3152423492037144,0.22446727615288997,0.6991121994270744,0.8319611926909931
2025-09-21,367,35,171253146,1.8090859604722356,0.3691608159492226,0.8202068474701188,0.8856346440491084
2025-09-22,442,35,140389971,2.1093869819642994,0.2869283576335624,0.7109858438534759,0.8487813705724037
2025-09-23,450,35,182328049,1.8685466945359825,0.35595815891610477,0.7728246025382524,0.8708379586730508
2025-09-24,455,34,200311198,1.9163319506910137,0.3517772851361804,0.7698580635516942,0.8533548983117759
2025-09-25,497,30,187346225,2.2203974512917317,0.24732805309811046,0.6847696557536722,0.8061531744234506
2025-09-26,457,33,149592672,2.435049639965463,0.1891625140541435,0.6501088769909799,0.8031988291512033
2025-09-27,420,31,117863062,2.5055852174785023,0.15188348417072348,0.6375437963761709,0.8405549314508731
2025-09-28,429,32,155456395,2.2360562272064346,0.23554747243770283,0.7195195604529488,0.8387653914141003
2025-09-29,423,39,120419479,2.3413160738354413,0.21960726744181183,0.7247355803623765,0.8275675731830728
2025-09-30,440,44,123166262,2.2815660968027505,0.2516967602784681,0.7223180727852243,0.8281814869075106
2025-10-01,398,30,100108427,1.9491722409855752,0.3135610943049263,0.7809340466412482,0.8805194391876718
